Proposal_ID,Total_Eval_Txs,Network_Nodes,Honest_Nodes,Malicious_Nodes,True_Inherent_Risk,Malicious_Nodes_Vote,Standard_DAO_Score,Final_AI_Risk_Score,AI_Correction_Delta
PRJ-0001,20,100,65,15,72.45,49.33,70.66,72.67,2.01
PRJ-0002,20,100,65,15,87.85,53.68,86.3,89.52,3.22
PRJ-0003,20,100,65,15,57.96,84.04,61.54,59.16,2.38
PRJ-0004,20,100,65,15,58.01,83.84,59.64,53.23,6.42
PRJ-0005,20,100,65,15,49.81,78.93,52.06,49.75,2.31
PRJ-0006,20,100,65,15,43.82,74.1,48.92,43.74,5.18
PRJ-0007,20,100,65,15,56.83,78.14,56.79,55.7,1.09
PRJ-0008,20,100,65,15,70.64,48.68,69.01,70.15,1.13
PRJ-0009,20,100,65,15,55.97,76.66,62.65,61.22,1.43
PRJ-0010,20,100,65,15,49.13,82.38,54.84,49.83,5.01
PRJ-0011,20,100,65,15,68.13,107.52,66.24,61.66,4.58
PRJ-0012,20,100,65,15,67.95,106.39,76.79,70.72,6.07
PRJ-0013,20,100,65,15,63.27,99.84,63.73,60.83,2.9
PRJ-0014,20,100,65,15,54.2,85.06,53.56,49.88,3.68
PRJ-0015,20,100,65,15,69.86,89.97,70.1,68.17,1.93
PRJ-0016,20,100,65,15,74.18,39.6,72.79,76.43,3.65
PRJ-0017,20,100,65,15,52.41,79.03,56.8,52.67,4.12
PRJ-0018,20,100,65,15,79.63,53.13,74.08,77.97,3.89
PRJ-0019,20,100,65,15,77.19,54.8,76.26,80.17,3.91
PRJ-0020,20,100,65,15,80.05,48.83,79.65,83.25,3.6
PRJ-0021,20,100,65,15,64.46,84.97,62.73,64.75,2.02
PRJ-0022,20,100,65,15,77.33,47.16,73.16,74.69,1.52
PRJ-0023,20,100,65,15,61.7,86.28,70.52,65.51,5.01
PRJ-0024,20,100,65,15,57.23,80.45,59.02,56.45,2.56
PRJ-0025,20,100,65,15,78.73,40.88,72.11,77.98,5.87
PRJ-0026,20,100,65,15,72.7,34.78,70.21,75.81,5.6
PRJ-0027,20,100,65,15,54.47,90.83,58.11,53.71,4.4
PRJ-0028,20,100,65,15,43.05,67.49,42.57,37.15,5.43
PRJ-0029,20,100,65,15,59.86,90.24,62.37,58.11,4.26
PRJ-0030,20,100,65,15,71.06,31.63,67.52,70.06,2.54
PRJ-0031,20,100,65,15,36.22,57.25,39.5,36.67,2.83
PRJ-0032,20,100,65,15,95.0,70.21,91.44,95.33,3.9
PRJ-0033,20,100,65,15,64.48,89.23,69.34,63.76,5.58
PRJ-0034,20,100,65,15,76.28,43.63,73.97,75.75,1.78
PRJ-0035,20,100,65,15,73.8,52.99,71.98,77.52,5.54
PRJ-0036,20,100,65,15,56.51,76.84,65.5,62.79,2.71
PRJ-0037,20,100,65,15,41.74,75.56,43.76,40.89,2.87
PRJ-0038,20,100,65,15,72.1,49.35,69.42,73.01,3.59
PRJ-0039,20,100,65,15,53.25,89.6,60.52,54.45,6.07
PRJ-0040,20,100,65,15,46.54,71.37,60.54,54.7,5.84
PRJ-0041,20,100,65,15,68.9,103.42,71.89,69.65,2.24
PRJ-0042,20,100,65,15,45.19,66.88,53.3,49.21,4.09
PRJ-0043,20,100,65,15,69.4,102.44,78.56,71.2,7.36
PRJ-0044,20,100,65,15,72.11,47.36,66.96,71.99,5.03
PRJ-0045,20,100,65,15,82.38,49.23,78.7,81.12,2.42
PRJ-0046,20,100,65,15,71.19,43.84,65.83,68.6,2.77
PRJ-0047,20,100,65,15,51.66,89.5,55.51,50.16,5.35
PRJ-0048,20,100,65,15,70.12,40.06,69.58,73.54,3.96
PRJ-0049,20,100,65,15,61.03,86.65,72.05,69.67,2.38
PRJ-0050,20,100,65,15,52.14,75.68,55.34,52.51,2.84
PRJ-0051,20,100,65,15,61.65,100.92,70.35,65.07,5.28
PRJ-0052,20,100,65,15,63.91,91.61,69.51,64.53,4.98
PRJ-0053,20,100,65,15,58.3,97.03,66.42,61.67,4.75
PRJ-0054,20,100,65,15,46.31,68.26,56.12,51.24,4.88
PRJ-0055,20,100,65,15,65.87,99.81,69.81,64.14,5.67
PRJ-0056,20,100,65,15,73.41,47.54,71.81,72.61,0.8
PRJ-0057,20,100,65,15,72.73,36.76,69.88,74.18,4.3
PRJ-0058,20,100,65,15,95.0,59.08,95.17,99.35,4.18
PRJ-0059,20,100,65,15,60.27,91.84,64.17,61.65,2.52
PRJ-0060,20,100,65,15,61.45,92.3,64.39,61.1,3.29
PRJ-0061,20,100,65,15,75.29,52.75,67.35,69.86,2.51
PRJ-0062,20,100,65,15,81.33,57.02,81.12,85.14,4.02
PRJ-0063,20,100,65,15,54.04,84.86,59.23,55.3,3.92
PRJ-0064,20,100,65,15,55.23,94.74,66.3,60.93,5.37
PRJ-0065,20,100,65,15,34.62,63.4,37.32,34.62,2.69
PRJ-0066,20,100,65,15,77.79,54.32,77.75,77.97,0.22
PRJ-0067,20,100,65,15,57.88,91.08,66.88,59.68,7.2
PRJ-0068,20,100,65,15,71.07,38.84,71.93,74.07,2.14
PRJ-0069,20,100,65,15,42.21,62.5,48.11,43.39,4.72
PRJ-0070,20,100,65,15,54.38,76.34,62.83,57.22,5.61
PRJ-0071,20,100,65,15,16.38,44.35,17.82,13.86,3.97
PRJ-0072,20,100,65,15,46.28,67.19,56.4,52.87,3.52
PRJ-0073,20,100,65,15,86.62,53.45,82.33,84.07,1.73
PRJ-0074,20,100,65,15,65.15,96.87,69.7,65.36,4.34
PRJ-0075,20,100,65,15,66.7,95.87,77.13,71.58,5.55
PRJ-0076,20,100,65,15,46.43,74.15,52.14,48.9,3.24
PRJ-0077,20,100,65,15,69.21,106.11,72.91,67.99,4.92
PRJ-0078,20,100,65,15,57.6,91.54,60.42,56.09,4.33
PRJ-0079,20,100,65,15,78.49,52.85,77.69,80.09,2.41
PRJ-0080,20,100,65,15,74.44,38.31,67.97,74.02,6.05
PRJ-0081,20,100,65,15,64.69,91.5,72.77,67.59,5.18
PRJ-0082,20,100,65,15,56.13,91.22,63.1,60.19,2.91
PRJ-0083,20,100,65,15,84.58,56.8,82.5,85.18,2.67
PRJ-0084,20,100,65,15,60.35,99.35,63.83,59.43,4.39
PRJ-0085,20,100,65,15,66.45,92.32,69.04,67.22,1.82
PRJ-0086,20,100,65,15,95.0,59.95,88.5,95.52,7.02
PRJ-0087,20,100,65,15,74.36,53.21,72.38,75.56,3.18
PRJ-0088,20,100,65,15,51.54,89.3,58.44,49.68,8.76
PRJ-0089,20,100,65,15,52.62,84.98,58.08,53.09,4.99
PRJ-0090,20,100,65,15,56.54,92.98,61.78,56.47,5.3
PRJ-0091,20,100,65,15,57.93,94.19,59.48,56.94,2.54
PRJ-0092,20,100,65,15,43.89,65.56,49.92,44.78,5.15
PRJ-0093,20,100,65,15,69.66,91.89,78.45,75.35,3.09
PRJ-0094,20,100,65,15,62.6,91.97,66.4,62.39,4.01
PRJ-0095,20,100,65,15,69.84,109.08,75.67,69.3,6.37
PRJ-0096,20,100,65,15,87.99,50.62,77.03,82.1,5.06
PRJ-0097,20,100,65,15,68.36,107.75,74.59,69.34,5.24
PRJ-0098,20,100,65,15,53.4,87.32,64.15,60.7,3.45
PRJ-0099,20,100,65,15,95.0,74.09,92.98,93.98,0.99
PRJ-0100,20,100,65,15,67.75,100.15,75.32,69.68,5.64
PRJ-0101,20,100,65,15,52.4,84.08,49.61,48.05,1.56
PRJ-0102,20,100,65,15,57.11,93.39,59.91,53.42,6.49
PRJ-0103,20,100,65,15,51.52,90.18,54.32,51.46,2.86
PRJ-0104,20,100,65,15,92.47,56.26,86.05,91.1,5.05
PRJ-0105,20,100,65,15,39.3,67.6,45.84,43.23,2.61
PRJ-0106,20,100,65,15,83.57,46.27,77.59,82.44,4.85
PRJ-0107,20,100,65,15,65.08,94.09,68.17,65.06,3.11
PRJ-0108,20,100,65,15,74.34,40.91,68.27,70.95,2.68
PRJ-0109,20,100,65,15,41.99,72.39,50.04,46.48,3.56
PRJ-0110,20,100,65,15,53.77,90.82,64.21,57.32,6.89
PRJ-0111,20,100,65,15,95.0,72.32,94.27,98.74,4.46
PRJ-0112,20,100,65,15,79.57,55.31,81.47,84.4,2.92
PRJ-0113,20,100,65,15,80.88,42.79,68.18,73.6,5.42
PRJ-0114,20,100,65,15,34.41,70.08,33.64,32.16,1.48
PRJ-0115,20,100,65,15,89.43,60.25,77.25,82.49,5.24
PRJ-0116,20,100,65,15,64.17,90.74,69.35,65.33,4.02
PRJ-0117,20,100,65,15,45.43,69.07,51.38,48.25,3.13
PRJ-0118,20,100,65,15,50.9,80.38,55.91,52.98,2.93
PRJ-0119,20,100,65,15,50.21,73.75,53.14,51.15,1.98
PRJ-0120,20,100,65,15,53.11,80.39,53.83,49.59,4.23
PRJ-0121,20,100,65,15,94.47,57.0,86.82,92.68,5.86
PRJ-0122,20,100,65,15,68.21,103.17,73.25,70.14,3.11
PRJ-0123,20,100,65,15,57.04,89.41,59.95,55.74,4.21
PRJ-0124,20,100,65,15,30.47,65.42,27.92,26.0,1.91
PRJ-0125,20,100,65,15,73.65,51.5,80.17,78.98,1.19
PRJ-0126,20,100,65,15,81.79,56.94,73.67,81.32,7.66
PRJ-0127,20,100,65,15,53.65,76.05,52.3,49.34,2.96
PRJ-0128,20,100,65,15,48.78,82.36,56.97,51.49,5.48
PRJ-0129,20,100,65,15,64.88,96.62,72.76,69.52,3.24
PRJ-0130,20,100,65,15,52.08,74.63,59.35,53.93,5.42
PRJ-0131,20,100,65,15,51.87,78.99,56.02,50.28,5.73
PRJ-0132,20,100,65,15,93.64,68.9,90.37,93.42,3.06
PRJ-0133,20,100,65,15,55.24,78.71,56.03,53.48,2.55
PRJ-0134,20,100,65,15,52.04,91.69,55.16,47.39,7.77
PRJ-0135,20,100,65,15,61.42,84.83,61.43,58.58,2.85
PRJ-0136,20,100,65,15,76.33,45.2,73.31,77.42,4.11
PRJ-0137,20,100,65,15,39.96,66.43,43.0,40.85,2.15
PRJ-0138,20,100,65,15,73.56,48.71,62.15,69.38,7.22
PRJ-0139,20,100,65,15,68.9,91.98,72.51,68.02,4.49
PRJ-0140,20,100,65,15,40.08,61.11,43.83,45.19,1.36
PRJ-0141,20,100,65,15,52.09,77.19,58.13,53.21,4.91
PRJ-0142,20,100,65,15,56.35,88.26,65.61,61.13,4.48
PRJ-0143,20,100,65,15,27.93,64.54,33.59,27.51,6.09
PRJ-0144,20,100,65,15,61.95,85.58,66.1,63.02,3.08
PRJ-0145,20,100,65,15,66.3,89.09,72.92,68.23,4.69
PRJ-0146,20,100,65,15,68.82,92.09,72.91,68.68,4.24
PRJ-0147,20,100,65,15,70.92,43.74,66.89,69.73,2.85
PRJ-0148,20,100,65,15,95.0,58.67,91.87,95.09,3.22
PRJ-0149,20,100,65,15,34.43,69.38,32.09,29.48,2.61
PRJ-0150,20,100,65,15,59.73,97.72,62.39,56.38,6.01
PRJ-0151,20,100,65,15,77.44,55.1,70.49,71.58,1.1
PRJ-0152,20,100,65,15,76.56,49.86,74.59,77.37,2.79
PRJ-0153,20,100,65,15,70.08,32.2,65.48,69.25,3.76
PRJ-0154,20,100,65,15,95.0,68.77,91.33,93.85,2.52
PRJ-0155,20,100,65,15,77.46,42.21,70.71,74.62,3.91
PRJ-0156,20,100,65,15,57.84,94.26,65.11,58.99,6.11
PRJ-0157,20,100,65,15,60.95,85.54,61.4,58.17,3.23
PRJ-0158,20,100,65,15,70.66,37.84,70.54,74.09,3.55
PRJ-0159,20,100,65,15,71.2,47.57,69.0,74.39,5.4
PRJ-0160,20,100,65,15,46.33,74.35,53.37,48.69,4.69
PRJ-0161,20,100,65,15,74.82,44.7,71.03,74.51,3.49
PRJ-0162,20,100,65,15,48.12,85.56,53.48,48.42,5.06
PRJ-0163,20,100,65,15,66.64,100.79,74.62,70.0,4.62
PRJ-0164,20,100,65,15,68.36,100.49,70.25,67.82,2.42
PRJ-0165,20,100,65,15,88.9,49.2,78.98,85.17,6.19
PRJ-0166,20,100,65,15,63.11,91.09,73.83,71.17,2.67
PRJ-0167,20,100,65,15,62.63,93.38,63.37,60.5,2.87
PRJ-0168,20,100,65,15,40.18,67.12,45.65,41.13,4.52
PRJ-0169,20,100,65,15,59.96,82.78,65.86,64.37,1.49
PRJ-0170,20,100,65,15,42.45,70.83,42.74,40.88,1.86
PRJ-0171,20,100,65,15,61.54,81.8,71.48,66.74,4.74
PRJ-0172,20,100,65,15,81.9,42.68,75.58,79.28,3.7
PRJ-0173,20,100,65,15,60.97,82.31,69.73,62.65,7.09
PRJ-0174,20,100,65,15,65.89,103.85,72.08,65.69,6.39
PRJ-0175,20,100,65,15,56.4,87.69,59.92,55.54,4.38
PRJ-0176,20,100,65,15,56.85,85.66,55.9,56.78,0.88
PRJ-0177,20,100,65,15,83.69,46.46,73.03,76.96,3.93
PRJ-0178,20,100,65,15,59.43,84.84,64.53,60.4,4.13
PRJ-0179,20,100,65,15,48.34,68.88,57.65,54.85,2.8
PRJ-0180,20,100,65,15,84.07,50.64,75.5,80.38,4.88
PRJ-0181,20,100,65,15,57.13,79.12,57.72,56.89,0.83
PRJ-0182,20,100,65,15,75.69,38.58,68.89,75.56,6.67
PRJ-0183,20,100,65,15,59.59,85.45,62.48,61.4,1.08
PRJ-0184,20,100,65,15,74.24,36.39,70.6,71.95,1.35
PRJ-0185,20,100,65,15,57.16,88.97,61.86,59.41,2.45
PRJ-0186,20,100,65,15,43.87,72.06,45.34,44.14,1.19
PRJ-0187,20,100,65,15,33.77,69.04,43.0,39.26,3.74
PRJ-0188,20,100,65,15,63.55,99.55,70.75,66.77,3.98
PRJ-0189,20,100,65,15,59.55,92.22,65.26,60.55,4.71
PRJ-0190,20,100,65,15,39.35,76.05,42.38,37.78,4.6
PRJ-0191,20,100,65,15,65.28,85.64,67.39,65.73,1.66
PRJ-0192,20,100,65,15,53.33,84.41,56.47,50.57,5.89
PRJ-0193,20,100,65,15,80.44,48.43,77.33,81.44,4.12
PRJ-0194,20,100,65,15,79.74,41.45,73.57,77.16,3.59
PRJ-0195,20,100,65,15,37.39,60.71,36.52,33.5,3.02
PRJ-0196,20,100,65,15,65.39,97.45,70.12,65.45,4.67
PRJ-0197,20,100,65,15,55.83,90.21,55.47,51.35,4.12
PRJ-0198,20,100,65,15,44.72,74.25,45.01,44.0,1.01
PRJ-0199,20,100,65,15,72.4,51.78,67.09,71.09,3.99
PRJ-0200,20,100,65,15,75.5,54.48,68.98,74.22,5.25
PRJ-0201,20,100,65,15,95.0,72.87,94.94,96.15,1.21
PRJ-0202,20,100,65,15,54.45,84.36,58.28,54.99,3.3
PRJ-0203,20,100,65,15,55.6,91.58,66.65,62.2,4.45
PRJ-0204,20,100,65,15,56.56,88.37,62.0,55.85,6.15
PRJ-0205,20,100,65,15,54.09,77.8,56.94,53.8,3.14
PRJ-0206,20,100,65,15,74.31,39.67,71.55,76.59,5.04
PRJ-0207,20,100,65,15,73.4,48.4,74.26,77.07,2.81
PRJ-0208,20,100,65,15,71.89,32.13,62.77,67.0,4.22
PRJ-0209,20,100,65,15,71.44,33.13,66.92,71.65,4.74
PRJ-0210,20,100,65,15,45.85,85.27,51.99,47.47,4.53
PRJ-0211,20,100,65,15,64.41,90.79,69.78,66.77,3.01
PRJ-0212,20,100,65,15,65.45,87.86,67.57,63.03,4.54
PRJ-0213,20,100,65,15,68.33,89.64,74.36,69.53,4.83
PRJ-0214,20,100,65,15,51.58,87.4,51.97,50.27,1.69
PRJ-0215,20,100,65,15,80.48,55.82,74.68,76.52,1.84
PRJ-0216,20,100,65,15,78.34,42.37,74.48,79.56,5.08
PRJ-0217,20,100,65,15,57.24,94.71,72.51,65.39,7.12
PRJ-0218,20,100,65,15,59.56,94.31,56.21,53.02,3.19
PRJ-0219,20,100,65,15,58.7,84.62,58.0,56.32,1.69
PRJ-0220,20,100,65,15,51.22,84.81,48.87,44.89,3.98
PRJ-0221,20,100,65,15,79.76,47.5,74.36,78.48,4.12
PRJ-0222,20,100,65,15,75.12,44.87,77.72,80.18,2.46
PRJ-0223,20,100,65,15,55.43,91.03,57.87,53.76,4.11
PRJ-0224,20,100,65,15,56.67,96.05,61.1,55.89,5.21
PRJ-0225,20,100,65,15,86.31,49.99,77.25,82.74,5.49
PRJ-0226,20,100,65,15,72.07,41.33,63.97,68.47,4.5
PRJ-0227,20,100,65,15,88.21,50.44,84.21,91.17,6.96
PRJ-0228,20,100,65,15,59.18,90.2,68.15,62.98,5.17
PRJ-0229,20,100,65,15,62.35,96.81,61.82,58.73,3.09
PRJ-0230,20,100,65,15,54.04,78.44,56.03,52.31,3.72
PRJ-0231,20,100,65,15,57.24,86.85,62.06,58.39,3.67
PRJ-0232,20,100,65,15,82.83,55.87,82.16,85.99,3.83
PRJ-0233,20,100,65,15,75.23,39.28,75.19,80.28,5.09
PRJ-0234,20,100,65,15,59.61,96.96,68.3,63.48,4.81
PRJ-0235,20,100,65,15,77.31,44.94,76.64,79.7,3.06
PRJ-0236,20,100,65,15,82.54,44.92,77.07,80.86,3.78
PRJ-0237,20,100,65,15,62.49,85.71,69.88,65.29,4.59
PRJ-0238,20,100,65,15,52.75,82.9,59.29,55.09,4.19
PRJ-0239,20,100,65,15,67.87,100.55,68.78,66.46,2.32
PRJ-0240,20,100,65,15,76.19,54.05,76.43,80.01,3.58
PRJ-0241,20,100,65,15,68.74,101.39,76.43,73.37,3.06
PRJ-0242,20,100,65,15,69.19,90.54,73.96,70.73,3.22
PRJ-0243,20,100,65,15,81.1,54.19,75.46,78.09,2.63
PRJ-0244,20,100,65,15,54.5,91.93,59.56,54.2,5.36
PRJ-0245,20,100,65,15,56.62,90.28,67.1,60.8,6.3
PRJ-0246,20,100,65,15,64.01,103.96,65.47,59.71,5.76
PRJ-0247,20,100,65,15,43.28,77.15,45.39,38.92,6.48
PRJ-0248,20,100,65,15,57.47,82.93,67.41,63.03,4.38
PRJ-0249,20,100,65,15,74.75,46.8,75.91,76.91,1.0
PRJ-0250,20,100,65,15,48.95,73.55,53.77,51.46,2.31
PRJ-0251,20,100,65,15,46.23,85.59,54.7,50.67,4.03
PRJ-0252,20,100,65,15,81.76,46.23,76.27,81.38,5.11
PRJ-0253,20,100,65,15,73.55,50.92,72.95,75.3,2.34
PRJ-0254,20,100,65,15,84.94,55.31,84.4,88.4,4.0
PRJ-0255,20,100,65,15,54.85,76.14,61.44,59.93,1.51
PRJ-0256,20,100,65,15,43.54,79.49,47.52,41.01,6.52
PRJ-0257,20,100,65,15,58.31,90.31,58.07,53.28,4.79
PRJ-0258,20,100,65,15,28.64,65.84,32.94,30.31,2.63
PRJ-0259,20,100,65,15,50.5,82.86,55.25,51.02,4.23
PRJ-0260,20,100,65,15,47.62,67.82,57.02,52.27,4.75
PRJ-0261,20,100,65,15,68.13,88.79,66.5,62.8,3.7
PRJ-0262,20,100,65,15,54.77,77.42,55.62,53.58,2.04
PRJ-0263,20,100,65,15,91.97,68.62,88.0,92.25,4.25
PRJ-0264,20,100,65,15,73.59,39.46,66.61,72.34,5.73
PRJ-0265,20,100,65,15,65.89,100.18,71.87,66.02,5.85
PRJ-0266,20,100,65,15,70.9,34.61,67.59,70.41,2.81
PRJ-0267,20,100,65,15,84.76,54.23,86.79,88.01,1.21
PRJ-0268,20,100,65,15,54.66,75.87,57.74,54.45,3.28
PRJ-0269,20,100,65,15,55.23,94.75,59.25,54.24,5.01
PRJ-0270,20,100,65,15,71.36,35.57,62.39,67.09,4.7
PRJ-0271,20,100,65,15,64.63,89.2,77.68,73.52,4.16
PRJ-0272,20,100,65,15,71.54,37.94,66.0,68.83,2.83
PRJ-0273,20,100,65,15,61.14,95.99,64.31,58.12,6.19
PRJ-0274,20,100,65,15,74.71,47.29,64.25,67.82,3.57
PRJ-0275,20,100,65,15,68.37,98.1,79.92,74.42,5.5
PRJ-0276,20,100,65,15,58.12,89.96,57.99,53.56,4.43
PRJ-0277,20,100,65,15,87.15,52.83,82.82,89.06,6.25
PRJ-0278,20,100,65,15,70.94,41.09,66.22,70.71,4.5
PRJ-0279,20,100,65,15,73.15,45.97,70.67,72.88,2.21
PRJ-0280,20,100,65,15,22.27,50.09,25.15,20.32,4.83
PRJ-0281,20,100,65,15,45.58,84.98,52.35,48.66,3.69
PRJ-0282,20,100,65,15,70.2,48.73,63.13,65.25,2.13
PRJ-0283,20,100,65,15,66.15,94.77,70.93,64.98,5.96
PRJ-0284,20,100,65,15,57.59,91.73,59.8,57.74,2.07
PRJ-0285,20,100,65,15,59.77,96.65,63.66,59.08,4.58
PRJ-0286,20,100,65,15,95.0,57.63,94.0,97.29,3.29
PRJ-0287,20,100,65,15,61.11,91.74,65.11,61.1,4.01
PRJ-0288,20,100,65,15,64.44,103.12,66.88,63.21,3.67
PRJ-0289,20,100,65,15,66.18,95.27,69.4,63.01,6.39
PRJ-0290,20,100,65,15,70.2,36.86,69.91,68.76,1.15
PRJ-0291,20,100,65,15,81.62,42.22,75.52,79.09,3.57
PRJ-0292,20,100,65,15,49.2,78.07,52.12,49.46,2.66
PRJ-0293,20,100,65,15,62.14,101.03,71.01,64.89,6.11
PRJ-0294,20,100,65,15,72.44,40.08,73.53,74.93,1.4
PRJ-0295,20,100,65,15,68.02,92.33,77.03,73.04,3.99
PRJ-0296,20,100,65,15,82.81,49.78,80.62,81.92,1.3
PRJ-0297,20,100,65,15,69.54,106.95,73.49,68.22,5.27
PRJ-0298,20,100,65,15,69.93,104.7,80.12,73.83,6.28
PRJ-0299,20,100,65,15,61.34,97.49,72.21,66.51,5.7
PRJ-0300,20,100,65,15,46.59,75.3,54.21,50.08,4.13
PRJ-0301,20,100,65,15,62.75,89.24,66.45,63.33,3.12
PRJ-0302,20,100,65,15,65.23,99.14,62.9,59.92,2.97
PRJ-0303,20,100,65,15,50.13,74.67,47.69,43.96,3.74
PRJ-0304,20,100,65,15,45.15,78.52,48.39,45.14,3.25
PRJ-0305,20,100,65,15,54.68,85.06,66.57,62.77,3.81
PRJ-0306,20,100,65,15,60.13,86.95,63.21,59.45,3.76
PRJ-0307,20,100,65,15,44.16,76.31,48.84,42.14,6.7
PRJ-0308,20,100,65,15,95.0,60.64,92.9,97.01,4.12
PRJ-0309,20,100,65,15,76.38,55.18,74.06,76.86,2.8
PRJ-0310,20,100,65,15,64.06,86.09,68.66,64.9,3.76
PRJ-0311,20,100,65,15,39.61,75.67,41.86,38.48,3.38
PRJ-0312,20,100,65,15,48.45,80.65,50.74,44.73,6.01
PRJ-0313,20,100,65,15,50.16,73.78,52.59,51.51,1.07
PRJ-0314,20,100,65,15,61.63,92.13,65.97,60.6,5.37
PRJ-0315,20,100,65,15,55.98,95.24,57.71,55.04,2.67
PRJ-0316,20,100,65,15,71.61,40.6,69.46,74.52,5.06
PRJ-0317,20,100,65,15,66.88,103.26,71.87,66.68,5.18
PRJ-0318,20,100,65,15,73.15,48.91,70.16,72.56,2.4
PRJ-0319,20,100,65,15,43.96,79.57,48.98,47.25,1.73
PRJ-0320,20,100,65,15,54.61,83.08,58.76,56.38,2.38
PRJ-0321,20,100,65,15,54.9,86.63,57.7,54.92,2.77
PRJ-0322,20,100,65,15,95.0,57.74,88.23,94.44,6.21
PRJ-0323,20,100,65,15,62.22,94.36,66.92,62.6,4.32
PRJ-0324,20,100,65,15,62.79,90.61,64.77,59.76,5.01
PRJ-0325,20,100,65,15,63.68,92.24,70.58,69.71,0.87
PRJ-0326,20,100,65,15,89.59,49.76,88.83,93.12,4.29
PRJ-0327,20,100,65,15,73.53,51.82,72.32,76.75,4.43
PRJ-0328,20,100,65,15,61.95,89.05,61.73,58.46,3.27
PRJ-0329,20,100,65,15,65.51,103.11,70.35,64.63,5.72
PRJ-0330,20,100,65,15,41.66,68.15,52.89,46.82,6.07
PRJ-0331,20,100,65,15,83.42,54.11,81.68,82.35,0.67
PRJ-0332,20,100,65,15,71.29,32.13,63.56,69.65,6.09
PRJ-0333,20,100,65,15,73.08,51.15,68.5,70.5,2.0
PRJ-0334,20,100,65,15,43.79,70.75,50.0,47.99,2.02
PRJ-0335,20,100,65,15,81.37,41.52,73.3,80.4,7.1
PRJ-0336,20,100,65,15,60.25,97.09,68.26,62.44,5.82
PRJ-0337,20,100,65,15,95.0,72.45,92.96,95.88,2.92
PRJ-0338,20,100,65,15,60.36,94.54,68.22,63.31,4.91
PRJ-0339,20,100,65,15,53.21,81.15,49.3,47.33,1.97
PRJ-0340,20,100,65,15,72.62,42.31,68.88,75.83,6.95
PRJ-0341,20,100,65,15,64.91,92.52,70.93,67.79,3.14
PRJ-0342,20,100,65,15,63.52,89.61,70.34,66.5,3.84
PRJ-0343,20,100,65,15,62.38,89.3,66.55,61.8,4.75
PRJ-0344,20,100,65,15,51.52,87.97,57.6,52.66,4.94
PRJ-0345,20,100,65,15,64.62,88.12,73.91,69.48,4.44
PRJ-0346,20,100,65,15,73.37,50.44,65.19,66.4,1.2
PRJ-0347,20,100,65,15,55.86,95.17,61.56,56.25,5.31
PRJ-0348,20,100,65,15,72.95,42.82,62.97,66.58,3.61
PRJ-0349,20,100,65,15,50.91,83.3,51.86,49.24,2.62
PRJ-0350,20,100,65,15,74.0,52.77,70.18,71.71,1.53
PRJ-0351,20,100,65,15,61.8,101.47,71.1,66.74,4.36
PRJ-0352,20,100,65,15,59.94,82.37,60.98,58.26,2.72
PRJ-0353,20,100,65,15,55.8,85.99,58.57,54.99,3.58
PRJ-0354,20,100,65,15,67.56,100.03,72.17,65.66,6.51
PRJ-0355,20,100,65,15,26.69,54.05,28.52,27.49,1.03
PRJ-0356,20,100,65,15,61.63,96.3,68.23,64.98,3.26
PRJ-0357,20,100,65,15,56.35,87.06,54.27,49.31,4.96
PRJ-0358,20,100,65,15,70.88,39.92,64.2,67.6,3.4
PRJ-0359,20,100,65,15,82.95,59.95,79.11,82.03,2.92
PRJ-0360,20,100,65,15,51.0,80.52,55.12,53.26,1.86
PRJ-0361,20,100,65,15,44.42,82.26,51.36,43.33,8.04
PRJ-0362,20,100,65,15,61.86,90.61,65.04,63.62,1.41
PRJ-0363,20,100,65,15,75.17,41.98,75.71,76.7,0.99
PRJ-0364,20,100,65,15,55.91,88.19,63.69,58.58,5.12
PRJ-0365,20,100,65,15,65.48,95.72,69.93,64.86,5.07
PRJ-0366,20,100,65,15,54.83,76.53,57.91,54.82,3.1
PRJ-0367,20,100,65,15,59.52,86.51,59.89,58.38,1.51
PRJ-0368,20,100,65,15,50.43,74.13,58.78,54.55,4.23
PRJ-0369,20,100,65,15,82.79,50.29,82.3,85.62,3.32
PRJ-0370,20,100,65,15,53.65,76.08,53.06,50.01,3.05
PRJ-0371,20,100,65,15,84.92,64.08,84.25,86.69,2.44
PRJ-0372,20,100,65,15,95.0,60.04,97.99,100.0,2.01
PRJ-0373,20,100,65,15,73.07,34.51,68.29,74.52,6.23
PRJ-0374,20,100,65,15,52.41,81.05,51.7,49.37,2.34
PRJ-0375,20,100,65,15,95.0,57.26,86.52,91.0,4.47
PRJ-0376,20,100,65,15,60.85,97.17,66.42,59.54,6.88
PRJ-0377,20,100,65,15,62.49,99.33,67.82,63.57,4.25
PRJ-0378,20,100,65,15,89.11,55.99,88.08,91.95,3.87
PRJ-0379,20,100,65,15,67.72,104.07,71.84,65.7,6.14
PRJ-0380,20,100,65,15,55.23,92.04,56.34,53.65,2.69
PRJ-0381,20,100,65,15,69.63,95.58,77.57,75.0,2.57
PRJ-0382,20,100,65,15,95.0,57.53,94.78,99.99,5.21
PRJ-0383,20,100,65,15,84.35,64.16,82.22,85.48,3.26
PRJ-0384,20,100,65,15,46.64,86.47,51.45,48.11,3.33
PRJ-0385,20,100,65,15,61.86,92.97,63.13,59.33,3.8
PRJ-0386,20,100,65,15,73.83,50.07,76.01,77.56,1.56
PRJ-0387,20,100,65,15,82.95,47.73,76.08,80.43,4.35
PRJ-0388,20,100,65,15,65.22,88.2,62.52,60.11,2.41
PRJ-0389,20,100,65,15,75.84,38.11,74.63,76.88,2.25
PRJ-0390,20,100,65,15,59.01,87.26,64.3,57.47,6.83
PRJ-0391,20,100,65,15,42.12,74.96,47.85,45.19,2.66
PRJ-0392,20,100,65,15,95.0,63.77,88.5,93.59,5.1
PRJ-0393,20,100,65,15,95.0,69.6,96.62,99.3,2.68
PRJ-0394,20,100,65,15,73.89,52.35,74.58,75.55,0.97
PRJ-0395,20,100,65,15,62.45,98.22,69.02,63.1,5.92
PRJ-0396,20,100,65,15,79.33,56.38,72.88,72.9,0.02
PRJ-0397,20,100,65,15,54.25,86.21,55.15,49.87,5.28
PRJ-0398,20,100,65,15,63.17,91.6,69.54,65.17,4.37
PRJ-0399,20,100,65,15,83.32,46.52,78.25,83.73,5.48
PRJ-0400,20,100,65,15,50.61,82.36,51.9,51.26,0.63
PRJ-0401,20,100,65,15,57.67,83.64,59.8,55.49,4.32
PRJ-0402,20,100,65,15,38.47,75.31,45.43,41.6,3.82
PRJ-0403,20,100,65,15,72.7,50.03,64.76,68.97,4.21
PRJ-0404,20,100,65,15,21.92,51.85,25.67,22.45,3.22
PRJ-0405,20,100,65,15,89.92,57.71,82.39,87.1,4.71
PRJ-0406,20,100,65,15,72.03,38.89,66.11,71.48,5.36
PRJ-0407,20,100,65,15,63.5,101.62,66.19,62.32,3.87
PRJ-0408,20,100,65,15,52.6,87.78,53.47,49.62,3.85
PRJ-0409,20,100,65,15,87.39,66.72,83.7,86.23,2.53
PRJ-0410,20,100,65,15,53.79,82.01,54.83,52.8,2.03
PRJ-0411,20,100,65,15,76.05,37.32,69.89,74.64,4.75
PRJ-0412,20,100,65,15,72.74,47.54,66.93,70.97,4.04
PRJ-0413,20,100,65,15,76.91,47.64,70.96,73.51,2.56
PRJ-0414,20,100,65,15,44.65,71.64,49.9,45.96,3.94
PRJ-0415,20,100,65,15,53.98,84.45,57.57,52.8,4.78
PRJ-0416,20,100,65,15,82.23,48.07,76.99,81.01,4.03
PRJ-0417,20,100,65,15,52.59,75.9,53.04,51.55,1.48
PRJ-0418,20,100,65,15,21.18,49.42,30.57,23.81,6.76
PRJ-0419,20,100,65,15,74.29,38.16,72.94,78.98,6.04
PRJ-0420,20,100,65,15,54.08,89.81,58.0,53.01,4.99
PRJ-0421,20,100,65,15,55.31,90.45,57.57,53.15,4.43
PRJ-0422,20,100,65,15,50.7,88.26,53.8,47.82,5.97
PRJ-0423,20,100,65,15,60.62,91.4,64.84,58.57,6.27
PRJ-0424,20,100,65,15,63.83,96.97,66.89,61.94,4.95
PRJ-0425,20,100,65,15,58.6,84.35,65.05,62.31,2.73
PRJ-0426,20,100,65,15,43.43,76.12,53.14,47.24,5.9
PRJ-0427,20,100,65,15,58.29,81.45,64.47,62.22,2.25
PRJ-0428,20,100,65,15,77.79,51.46,77.73,80.89,3.16
PRJ-0429,20,100,65,15,59.98,88.78,60.65,57.96,2.68
PRJ-0430,20,100,65,15,71.35,33.71,64.88,69.0,4.12
PRJ-0431,20,100,65,15,65.36,105.05,73.83,69.73,4.1
PRJ-0432,20,100,65,15,71.79,48.47,74.82,76.63,1.81
PRJ-0433,20,100,65,15,62.19,96.58,72.84,67.38,5.46
PRJ-0434,20,100,65,15,95.0,57.84,89.64,93.1,3.46
PRJ-0435,20,100,65,15,67.53,96.95,71.49,69.95,1.54
PRJ-0436,20,100,65,15,82.1,54.94,81.62,83.22,1.6
PRJ-0437,20,100,65,15,84.45,50.21,76.28,82.1,5.82
PRJ-0438,20,100,65,15,57.43,84.39,59.14,55.83,3.31
PRJ-0439,20,100,65,15,89.23,62.18,88.2,89.8,1.61
PRJ-0440,20,100,65,15,87.82,48.24,85.36,88.73,3.37
PRJ-0441,20,100,65,15,51.44,85.17,53.6,51.07,2.53
PRJ-0442,20,100,65,15,82.82,46.07,78.09,81.87,3.77
PRJ-0443,20,100,65,15,78.07,51.96,71.91,74.22,2.32
PRJ-0444,20,100,65,15,94.08,55.32,86.32,93.87,7.55
PRJ-0445,20,100,65,15,70.26,45.05,69.34,72.05,2.72
PRJ-0446,20,100,65,15,81.65,50.44,79.45,82.78,3.33
PRJ-0447,20,100,65,15,63.01,93.94,69.07,62.87,6.21
PRJ-0448,20,100,65,15,63.19,85.41,66.83,64.2,2.63
PRJ-0449,20,100,65,15,56.97,82.57,61.63,57.78,3.85
PRJ-0450,20,100,65,15,67.86,106.07,74.99,68.7,6.3
PRJ-0451,20,100,65,15,76.08,39.49,68.99,75.45,6.46
PRJ-0452,20,100,65,15,81.29,59.04,78.08,81.95,3.87
PRJ-0453,20,100,65,15,70.51,50.26,70.39,74.55,4.17
PRJ-0454,20,100,65,15,59.76,91.73,59.99,54.99,5.0
PRJ-0455,20,100,65,15,49.19,87.04,55.64,48.69,6.95
PRJ-0456,20,100,65,15,90.66,69.97,87.04,91.12,4.08
PRJ-0457,20,100,65,15,66.05,87.93,68.82,68.04,0.78
PRJ-0458,20,100,65,15,68.58,105.16,76.51,71.04,5.47
PRJ-0459,20,100,65,15,67.84,94.18,65.64,66.64,1.0
PRJ-0460,20,100,65,15,75.17,43.13,72.18,77.81,5.63
PRJ-0461,20,100,65,15,62.94,94.77,74.41,68.67,5.74
PRJ-0462,20,100,65,15,84.72,54.48,80.56,82.72,2.16
PRJ-0463,20,100,65,15,61.31,100.32,72.03,63.38,8.64
PRJ-0464,20,100,65,15,62.36,92.49,71.6,67.82,3.77
PRJ-0465,20,100,65,15,55.66,85.11,58.23,55.57,2.66
PRJ-0466,20,100,65,15,45.2,69.12,42.16,41.77,0.38
PRJ-0467,20,100,65,15,42.43,62.54,47.18,44.96,2.22
PRJ-0468,20,100,65,15,43.14,74.58,48.24,45.68,2.56
PRJ-0469,20,100,65,15,36.87,58.61,39.88,37.35,2.52
PRJ-0470,20,100,65,15,75.07,48.17,70.11,72.64,2.53
PRJ-0471,20,100,65,15,81.14,41.28,80.91,83.46,2.55
PRJ-0472,20,100,65,15,64.09,91.98,65.54,62.56,2.98
PRJ-0473,20,100,65,15,37.95,70.11,40.49,34.88,5.6
PRJ-0474,20,100,65,15,72.63,33.53,66.94,73.38,6.45
PRJ-0475,20,100,65,15,57.75,80.04,66.22,61.18,5.04
PRJ-0476,20,100,65,15,78.45,51.07,66.1,72.16,6.07
PRJ-0477,20,100,65,15,61.83,83.44,62.75,59.47,3.28
PRJ-0478,20,100,65,15,66.15,99.52,71.65,67.89,3.76
PRJ-0479,20,100,65,15,48.64,81.37,56.01,52.84,3.17
PRJ-0480,20,100,65,15,65.28,102.76,73.58,67.8,5.78
PRJ-0481,20,100,65,15,55.81,76.05,56.12,55.32,0.8
PRJ-0482,20,100,65,15,66.63,96.35,65.84,61.74,4.1
PRJ-0483,20,100,65,15,56.77,83.63,61.46,57.81,3.65
PRJ-0484,20,100,65,15,49.58,86.5,60.65,54.64,6.01
PRJ-0485,20,100,65,15,55.31,81.43,59.11,58.56,0.55
PRJ-0486,20,100,65,15,78.79,42.82,77.17,79.68,2.5
PRJ-0487,20,100,65,15,69.33,95.71,73.39,70.33,3.07
PRJ-0488,20,100,65,15,77.16,45.14,72.29,73.6,1.31
PRJ-0489,20,100,65,15,80.49,51.88,75.12,81.1,5.98
PRJ-0490,20,100,65,15,58.84,79.35,58.74,56.03,2.71
PRJ-0491,20,100,65,15,84.65,56.46,81.46,86.83,5.37
PRJ-0492,20,100,65,15,61.86,93.98,65.29,63.51,1.79
PRJ-0493,20,100,65,15,46.48,80.25,50.32,45.57,4.74
PRJ-0494,20,100,65,15,69.2,89.75,68.76,67.65,1.11
PRJ-0495,20,100,65,15,73.19,52.58,68.8,72.09,3.29
PRJ-0496,20,100,65,15,63.36,83.82,63.2,60.31,2.89
PRJ-0497,20,100,65,15,61.12,83.44,69.27,66.66,2.61
PRJ-0498,20,100,65,15,60.57,98.34,66.74,61.45,5.29
PRJ-0499,20,100,65,15,82.6,54.89,78.84,82.83,3.99
PRJ-0500,20,100,65,15,71.72,48.63,63.17,69.35,6.18
PRJ-0501,20,100,65,15,90.99,62.18,92.93,97.28,4.34
PRJ-0502,20,100,65,15,72.51,48.62,64.23,67.84,3.61
PRJ-0503,20,100,65,15,62.48,94.09,60.36,58.69,1.67
PRJ-0504,20,100,65,15,76.22,43.69,67.68,73.33,5.65
PRJ-0505,20,100,65,15,27.05,59.46,34.65,28.72,5.93
PRJ-0506,20,100,65,15,94.38,73.59,86.56,90.73,4.17
PRJ-0507,20,100,65,15,95.0,64.33,88.23,90.86,2.63
PRJ-0508,20,100,65,15,72.02,36.13,66.77,70.8,4.03
PRJ-0509,20,100,65,15,74.32,44.66,70.28,73.37,3.08
PRJ-0510,20,100,65,15,64.56,92.07,72.32,67.47,4.85
PRJ-0511,20,100,65,15,51.41,81.64,52.89,49.35,3.53
PRJ-0512,20,100,65,15,85.62,48.31,84.51,91.54,7.03
PRJ-0513,20,100,65,15,64.18,95.65,71.02,66.4,4.62
PRJ-0514,20,100,65,15,74.68,36.82,70.66,76.64,5.98
PRJ-0515,20,100,65,15,73.9,53.52,67.08,66.85,0.23
PRJ-0516,20,100,65,15,67.92,102.38,76.18,73.35,2.83
PRJ-0517,20,100,65,15,53.41,89.5,56.7,53.63,3.07
PRJ-0518,20,100,65,15,44.31,83.45,46.38,41.65,4.73
PRJ-0519,20,100,65,15,79.3,44.49,77.25,81.11,3.86
PRJ-0520,20,100,65,15,72.74,37.36,66.48,72.18,5.7
PRJ-0521,20,100,65,15,82.83,61.06,82.0,84.82,2.81
PRJ-0522,20,100,65,15,81.05,52.9,75.16,78.3,3.14
PRJ-0523,20,100,65,15,54.87,91.04,57.64,53.95,3.69
PRJ-0524,20,100,65,15,60.38,86.37,66.16,61.96,4.2
PRJ-0525,20,100,65,15,65.02,86.02,68.55,64.36,4.19
PRJ-0526,20,100,65,15,79.06,53.16,72.73,76.98,4.24
PRJ-0527,20,100,65,15,53.46,79.89,58.08,52.87,5.21
PRJ-0528,20,100,65,15,62.09,94.9,63.61,58.51,5.11
PRJ-0529,20,100,65,15,65.9,88.36,73.89,69.27,4.62
PRJ-0530,20,100,65,15,45.37,74.35,52.74,47.59,5.15
PRJ-0531,20,100,65,15,92.01,67.17,91.33,95.09,3.76
PRJ-0532,20,100,65,15,57.63,93.7,66.36,61.46,4.9
PRJ-0533,20,100,65,15,80.9,55.47,83.65,88.25,4.6
PRJ-0534,20,100,65,15,57.37,80.04,57.11,52.98,4.13
PRJ-0535,20,100,65,15,57.14,77.14,57.97,56.62,1.35
PRJ-0536,20,100,65,15,81.82,56.29,76.81,79.69,2.88
PRJ-0537,20,100,65,15,60.08,86.41,66.81,62.35,4.46
PRJ-0538,20,100,65,15,51.99,77.4,52.94,50.54,2.4
PRJ-0539,20,100,65,15,57.86,86.53,64.65,61.15,3.51
PRJ-0540,20,100,65,15,67.9,107.19,75.62,69.32,6.3
PRJ-0541,20,100,65,15,68.98,101.63,65.43,64.18,1.24
PRJ-0542,20,100,65,15,62.99,96.31,66.55,63.71,2.85
PRJ-0543,20,100,65,15,66.33,101.97,70.21,66.57,3.64
PRJ-0544,20,100,65,15,60.26,87.46,63.9,59.88,4.02
PRJ-0545,20,100,65,15,65.01,89.19,65.48,64.74,0.73
PRJ-0546,20,100,65,15,30.56,51.6,26.73,25.02,1.7
PRJ-0547,20,100,65,15,58.2,82.44,65.65,63.02,2.63
PRJ-0548,20,100,65,15,69.51,107.11,80.74,72.68,8.05
PRJ-0549,20,100,65,15,75.06,52.33,64.9,69.29,4.4
PRJ-0550,20,100,65,15,77.27,50.96,78.24,81.38,3.14
PRJ-0551,20,100,65,15,47.16,84.96,53.33,50.77,2.56
PRJ-0552,20,100,65,15,74.58,53.41,65.45,69.58,4.12
PRJ-0553,20,100,65,15,65.61,85.91,68.93,64.59,4.33
PRJ-0554,20,100,65,15,57.3,77.69,53.98,51.89,2.09
PRJ-0555,20,100,65,15,61.57,92.19,56.54,55.46,1.08
PRJ-0556,20,100,65,15,62.13,91.42,66.42,62.55,3.88
PRJ-0557,20,100,65,15,65.34,100.82,68.18,65.58,2.6
PRJ-0558,20,100,65,15,81.71,42.19,80.66,83.73,3.06
PRJ-0559,20,100,65,15,75.09,54.74,72.13,75.66,3.53
PRJ-0560,20,100,65,15,56.4,86.76,60.64,58.38,2.26
PRJ-0561,20,100,65,15,46.41,83.35,49.59,43.58,6.01
PRJ-0562,20,100,65,15,65.76,94.92,73.48,69.2,4.28
PRJ-0563,20,100,65,15,40.99,75.94,44.3,39.36,4.95
PRJ-0564,20,100,65,15,40.35,79.51,44.75,39.25,5.49
PRJ-0565,20,100,65,15,65.31,89.23,65.57,64.37,1.2
PRJ-0566,20,100,65,15,55.75,91.38,58.78,55.76,3.02
PRJ-0567,20,100,65,15,48.33,76.09,54.47,50.33,4.13
PRJ-0568,20,100,65,15,82.1,55.2,78.33,79.86,1.53
PRJ-0569,20,100,65,15,61.49,95.64,70.48,64.99,5.5
PRJ-0570,20,100,65,15,63.86,103.02,67.14,61.55,5.6
PRJ-0571,20,100,65,15,40.89,62.41,50.54,45.06,5.48
PRJ-0572,20,100,65,15,65.1,94.3,69.27,66.9,2.37
PRJ-0573,20,100,65,15,31.82,52.82,33.69,33.96,0.27
PRJ-0574,20,100,65,15,61.0,85.84,66.71,63.27,3.44
PRJ-0575,20,100,65,15,41.03,62.49,51.22,45.93,5.29
PRJ-0576,20,100,65,15,44.55,68.35,48.56,45.52,3.04
PRJ-0577,20,100,65,15,71.39,41.85,65.07,69.81,4.74
PRJ-0578,20,100,65,15,72.32,39.51,68.01,70.48,2.47
PRJ-0579,20,100,65,15,50.65,80.63,60.52,54.88,5.64
PRJ-0580,20,100,65,15,70.33,45.76,67.23,71.12,3.89
PRJ-0581,20,100,65,15,46.24,80.82,55.26,49.94,5.31
PRJ-0582,20,100,65,15,58.22,78.8,58.39,56.82,1.56
PRJ-0583,20,100,65,15,95.0,67.04,89.25,93.21,3.96
PRJ-0584,20,100,65,15,55.29,90.37,53.12,49.89,3.23
PRJ-0585,20,100,65,15,37.0,68.28,41.6,39.17,2.44
PRJ-0586,20,100,65,15,76.86,52.05,72.09,77.96,5.87
PRJ-0587,20,100,65,15,65.21,104.22,67.98,62.85,5.14
PRJ-0588,20,100,65,15,75.29,43.69,73.5,73.82,0.32
PRJ-0589,20,100,65,15,89.26,51.38,81.08,87.32,6.24
PRJ-0590,20,100,65,15,45.05,74.57,51.01,48.68,2.33
PRJ-0591,20,100,65,15,43.23,69.86,43.45,41.72,1.73
PRJ-0592,20,100,65,15,70.45,49.03,67.86,69.78,1.92
PRJ-0593,20,100,65,15,25.94,52.58,31.63,27.7,3.93
PRJ-0594,20,100,65,15,71.06,37.97,70.34,74.31,3.96
PRJ-0595,20,100,65,15,38.32,60.88,40.82,38.8,2.02
PRJ-0596,20,100,65,15,63.78,84.87,60.61,61.89,1.28
PRJ-0597,20,100,65,15,48.69,83.53,53.84,47.64,6.19
PRJ-0598,20,100,65,15,47.77,73.83,54.59,49.46,5.13
PRJ-0599,20,100,65,15,82.91,55.49,75.49,79.04,3.55
PRJ-0600,20,100,65,15,71.93,38.71,64.63,72.31,7.68
PRJ-0601,20,100,65,15,66.28,101.89,67.55,63.54,4.01
PRJ-0602,20,100,65,15,72.84,51.99,71.13,74.08,2.94
PRJ-0603,20,100,65,15,74.76,39.58,69.7,71.81,2.1
PRJ-0604,20,100,65,15,50.03,80.21,51.75,49.18,2.57
PRJ-0605,20,100,65,15,74.1,39.81,70.2,73.79,3.59
PRJ-0606,20,100,65,15,78.31,44.42,74.6,79.65,5.05
PRJ-0607,20,100,65,15,74.99,51.08,74.74,76.96,2.22
PRJ-0608,20,100,65,15,55.74,95.31,55.48,51.17,4.31
PRJ-0609,20,100,65,15,71.59,32.65,68.64,73.58,4.94
PRJ-0610,20,100,65,15,90.12,66.86,81.74,83.27,1.53
PRJ-0611,20,100,65,15,75.43,38.65,70.69,76.44,5.75
PRJ-0612,20,100,65,15,63.93,88.63,68.88,65.0,3.88
PRJ-0613,20,100,65,15,78.36,57.32,77.82,80.24,2.42
PRJ-0614,20,100,65,15,65.75,103.0,75.0,71.32,3.68
PRJ-0615,20,100,65,15,72.38,49.75,61.5,67.08,5.58
PRJ-0616,20,100,65,15,81.46,44.03,70.63,76.15,5.52
PRJ-0617,20,100,65,15,80.9,49.46,79.44,82.98,3.54
PRJ-0618,20,100,65,15,44.51,70.26,46.59,44.18,2.41
PRJ-0619,20,100,65,15,49.56,84.21,47.55,44.26,3.29
PRJ-0620,20,100,65,15,81.69,46.02,74.55,78.93,4.39
PRJ-0621,20,100,65,15,56.96,78.09,53.45,51.12,2.33
PRJ-0622,20,100,65,15,83.54,50.7,79.21,84.05,4.84
PRJ-0623,20,100,65,15,81.76,46.74,78.25,84.27,6.01
PRJ-0624,20,100,65,15,45.11,70.64,46.78,44.0,2.78
PRJ-0625,20,100,65,15,70.16,46.57,66.62,69.61,2.99
PRJ-0626,20,100,65,15,53.62,87.71,59.85,57.28,2.56
PRJ-0627,20,100,65,15,37.31,61.41,34.62,32.95,1.67
PRJ-0628,20,100,65,15,55.25,81.0,55.32,50.99,4.33
PRJ-0629,20,100,65,15,68.11,89.62,69.31,67.56,1.74
PRJ-0630,20,100,65,15,67.65,89.49,71.32,68.17,3.15
PRJ-0631,20,100,65,15,90.1,69.8,85.77,91.11,5.34
PRJ-0632,20,100,65,15,77.45,45.25,77.98,81.54,3.57
PRJ-0633,20,100,65,15,48.16,87.1,55.27,48.18,7.08
PRJ-0634,20,100,65,15,69.07,100.82,74.25,69.6,4.65
PRJ-0635,20,100,65,15,80.71,49.05,77.55,82.76,5.21
PRJ-0636,20,100,65,15,64.35,103.5,64.71,61.66,3.05
PRJ-0637,20,100,65,15,81.87,42.33,76.98,81.1,4.13
PRJ-0638,20,100,65,15,49.71,84.67,52.84,47.92,4.92
PRJ-0639,20,100,65,15,63.03,97.5,68.5,65.18,3.32
PRJ-0640,20,100,65,15,40.9,73.17,45.51,41.45,4.06
PRJ-0641,20,100,65,15,45.62,69.6,49.05,47.09,1.96
PRJ-0642,20,100,65,15,68.95,89.23,74.4,71.22,3.18
PRJ-0643,20,100,65,15,53.24,74.49,52.34,50.39,1.95
PRJ-0644,20,100,65,15,52.52,84.66,59.77,57.15,2.62
PRJ-0645,20,100,65,15,56.3,94.95,64.06,58.51,5.55
PRJ-0646,20,100,65,15,72.08,39.74,65.12,68.1,2.98
PRJ-0647,20,100,65,15,78.04,50.62,73.36,78.58,5.21
PRJ-0648,20,100,65,15,65.57,96.34,72.78,67.83,4.96
PRJ-0649,20,100,65,15,53.21,88.96,56.79,50.8,5.99
PRJ-0650,20,100,65,15,75.82,50.86,74.0,79.72,5.71
PRJ-0651,20,100,65,15,55.91,94.64,71.05,64.4,6.65
PRJ-0652,20,100,65,15,53.5,73.94,50.31,49.8,0.51
PRJ-0653,20,100,65,15,65.38,103.92,67.38,61.11,6.27
PRJ-0654,20,100,65,15,54.65,82.85,58.25,55.28,2.97
PRJ-0655,20,100,65,15,46.15,67.56,50.11,48.26,1.85
PRJ-0656,20,100,65,15,60.8,98.44,64.39,61.31,3.08
PRJ-0657,20,100,65,15,73.56,47.36,70.52,75.03,4.51
PRJ-0658,20,100,65,15,55.82,86.53,55.64,54.02,1.62
PRJ-0659,20,100,65,15,44.73,70.89,47.52,42.58,4.95
PRJ-0660,20,100,65,15,73.21,43.1,62.37,67.41,5.04
PRJ-0661,20,100,65,15,61.55,85.43,64.0,60.09,3.91
PRJ-0662,20,100,65,15,95.0,58.24,92.84,96.72,3.88
PRJ-0663,20,100,65,15,71.3,48.09,75.17,75.74,0.56
PRJ-0664,20,100,65,15,48.04,81.92,52.8,46.99,5.8
PRJ-0665,20,100,65,15,58.74,89.04,65.64,60.15,5.49
PRJ-0666,20,100,65,15,78.78,51.69,75.44,78.18,2.74
PRJ-0667,20,100,65,15,61.74,86.65,72.16,65.35,6.81
PRJ-0668,20,100,65,15,71.49,46.81,65.73,69.66,3.93
PRJ-0669,20,100,65,15,80.32,49.5,75.01,82.61,7.6
PRJ-0670,20,100,65,15,36.8,60.24,45.6,41.81,3.78
PRJ-0671,20,100,65,15,25.46,56.11,31.05,26.62,4.43
PRJ-0672,20,100,65,15,78.86,56.52,73.25,77.6,4.34
PRJ-0673,20,100,65,15,51.57,79.41,51.96,49.46,2.5
PRJ-0674,20,100,65,15,74.77,44.61,70.52,74.1,3.58
PRJ-0675,20,100,65,15,60.5,93.07,73.15,65.25,7.9
PRJ-0676,20,100,65,15,48.32,68.52,51.73,47.21,4.52
PRJ-0677,20,100,65,15,69.21,106.08,79.29,75.15,4.13
PRJ-0678,20,100,65,15,70.84,35.01,60.83,64.36,3.52
PRJ-0679,20,100,65,15,45.21,72.97,46.58,43.95,2.63
PRJ-0680,20,100,65,15,64.05,94.88,70.96,65.46,5.5
PRJ-0681,20,100,65,15,55.9,84.57,64.21,58.96,5.25
PRJ-0682,20,100,65,15,57.62,84.63,57.51,54.23,3.27
PRJ-0683,20,100,65,15,55.63,90.09,58.63,54.87,3.76
PRJ-0684,20,100,65,15,31.92,52.08,40.36,37.26,3.1
PRJ-0685,20,100,65,15,74.77,38.68,66.54,70.74,4.21
PRJ-0686,20,100,65,15,64.9,86.23,73.16,68.47,4.69
PRJ-0687,20,100,65,15,71.86,35.8,71.4,76.08,4.68
PRJ-0688,20,100,65,15,76.84,43.41,69.76,73.26,3.5
PRJ-0689,20,100,65,15,86.05,48.24,80.41,86.4,5.99
PRJ-0690,20,100,65,15,57.81,92.98,64.43,59.8,4.63
PRJ-0691,20,100,65,15,90.5,57.85,88.26,92.95,4.69
PRJ-0692,20,100,65,15,79.12,44.79,70.14,76.23,6.09
PRJ-0693,20,100,65,15,52.29,76.58,51.39,49.31,2.08
PRJ-0694,20,100,65,15,53.23,83.37,58.94,55.81,3.13
PRJ-0695,20,100,65,15,51.38,87.31,61.27,56.91,4.36
PRJ-0696,20,100,65,15,80.46,55.18,75.18,80.61,5.43
PRJ-0697,20,100,65,15,67.58,91.4,68.7,67.61,1.09
PRJ-0698,20,100,65,15,51.57,83.48,56.49,50.69,5.79
PRJ-0699,20,100,65,15,77.72,42.51,71.69,74.68,2.98
PRJ-0700,20,100,65,15,74.38,45.74,72.54,73.63,1.09
PRJ-0701,20,100,65,15,70.24,43.78,63.51,65.77,2.26
PRJ-0702,20,100,65,15,61.05,100.97,67.47,63.14,4.33
PRJ-0703,20,100,65,15,70.03,48.68,68.85,71.18,2.33
PRJ-0704,20,100,65,15,41.97,78.1,47.22,44.43,2.79
PRJ-0705,20,100,65,15,49.75,85.42,54.51,49.77,4.74
PRJ-0706,20,100,65,15,62.98,96.07,66.33,59.94,6.4
PRJ-0707,20,100,65,15,74.33,43.06,73.39,77.8,4.41
PRJ-0708,20,100,65,15,81.36,49.63,79.48,83.79,4.31
PRJ-0709,20,100,65,15,67.17,101.32,71.29,67.36,3.93
PRJ-0710,20,100,65,15,88.45,56.51,79.36,83.37,4.01
PRJ-0711,20,100,65,15,70.51,38.65,63.52,65.38,1.87
PRJ-0712,20,100,65,15,78.28,44.78,71.17,76.38,5.21
PRJ-0713,20,100,65,15,49.12,83.06,62.98,56.84,6.15
PRJ-0714,20,100,65,15,65.06,88.18,68.57,63.49,5.08
PRJ-0715,20,100,65,15,83.46,54.36,84.07,88.19,4.12
PRJ-0716,20,100,65,15,51.8,75.2,58.59,55.53,3.06
PRJ-0717,20,100,65,15,88.31,49.09,85.34,90.43,5.09
PRJ-0718,20,100,65,15,71.95,43.91,75.02,73.75,1.27
PRJ-0719,20,100,65,15,68.62,100.28,72.28,66.87,5.42
PRJ-0720,20,100,65,15,61.93,82.97,65.04,59.6,5.44
PRJ-0721,20,100,65,15,63.89,101.51,69.24,63.78,5.46
PRJ-0722,20,100,65,15,53.63,77.85,60.3,56.27,4.03
PRJ-0723,20,100,65,15,74.44,34.5,69.57,72.98,3.41
PRJ-0724,20,100,65,15,55.53,84.83,60.71,56.99,3.72
PRJ-0725,20,100,65,15,57.25,78.67,59.47,56.84,2.63
PRJ-0726,20,100,65,15,53.8,83.18,54.81,51.53,3.28
PRJ-0727,20,100,65,15,57.63,97.09,62.23,57.27,4.96
PRJ-0728,20,100,65,15,61.38,97.34,62.06,56.9,5.16
PRJ-0729,20,100,65,15,46.95,72.08,47.23,43.95,3.28
PRJ-0730,20,100,65,15,59.72,80.97,62.16,61.9,0.26
PRJ-0731,20,100,65,15,73.93,36.63,66.01,71.05,5.04
PRJ-0732,20,100,65,15,51.1,82.37,51.6,46.47,5.13
PRJ-0733,20,100,65,15,59.61,82.49,64.18,61.15,3.03
PRJ-0734,20,100,65,15,95.0,65.24,90.1,91.93,1.83
PRJ-0735,20,100,65,15,63.79,84.93,68.08,63.51,4.57
PRJ-0736,20,100,65,15,56.76,91.26,52.65,50.61,2.05
PRJ-0737,20,100,65,15,92.49,66.21,91.58,94.87,3.29
PRJ-0738,20,100,65,15,70.53,30.74,67.36,73.15,5.79
PRJ-0739,20,100,65,15,60.82,95.65,67.54,63.65,3.89
PRJ-0740,20,100,65,15,43.92,80.69,38.55,33.59,4.95
PRJ-0741,20,100,65,15,79.27,50.19,69.08,74.98,5.9
PRJ-0742,20,100,65,15,51.13,75.06,54.8,50.88,3.91
PRJ-0743,20,100,65,15,93.56,68.97,99.7,100.0,0.3
PRJ-0744,20,100,65,15,62.61,95.85,66.1,59.19,6.92
PRJ-0745,20,100,65,15,68.25,92.63,68.0,64.92,3.08
PRJ-0746,20,100,65,15,52.44,78.16,55.87,53.42,2.45
PRJ-0747,20,100,65,15,48.43,75.77,56.61,51.52,5.1
PRJ-0748,20,100,65,15,57.3,94.2,60.53,56.99,3.54
PRJ-0749,20,100,65,15,57.03,81.4,58.32,57.01,1.31
PRJ-0750,20,100,65,15,75.22,49.96,72.34,74.64,2.29
PRJ-0751,20,100,65,15,73.02,43.86,69.13,74.63,5.49
PRJ-0752,20,100,65,15,71.88,42.15,65.24,68.99,3.75
PRJ-0753,20,100,65,15,50.95,80.31,54.93,50.27,4.66
PRJ-0754,20,100,65,15,62.19,85.28,68.14,66.49,1.65
PRJ-0755,20,100,65,15,23.79,60.34,26.72,22.37,4.35
PRJ-0756,20,100,65,15,85.83,55.61,76.79,81.86,5.07
PRJ-0757,20,100,65,15,76.52,55.52,75.32,77.48,2.17
PRJ-0758,20,100,65,15,95.0,66.24,89.26,93.74,4.48
PRJ-0759,20,100,65,15,60.69,85.44,64.82,61.87,2.96
PRJ-0760,20,100,65,15,58.64,84.26,60.29,58.37,1.92
PRJ-0761,20,100,65,15,58.76,93.77,60.46,55.78,4.68
PRJ-0762,20,100,65,15,83.86,59.12,79.44,83.49,4.05
PRJ-0763,20,100,65,15,75.28,53.96,75.16,79.41,4.25
PRJ-0764,20,100,65,15,75.03,50.34,74.73,78.77,4.04
PRJ-0765,20,100,65,15,62.08,100.74,68.03,62.84,5.19
PRJ-0766,20,100,65,15,68.78,102.35,70.79,68.92,1.86
PRJ-0767,20,100,65,15,78.04,52.4,70.64,74.9,4.26
PRJ-0768,20,100,65,15,79.33,46.88,79.51,82.94,3.43
PRJ-0769,20,100,65,15,55.94,82.81,54.6,53.24,1.36
PRJ-0770,20,100,65,15,59.11,97.69,60.52,56.8,3.72
PRJ-0771,20,100,65,15,69.86,94.79,71.62,67.5,4.12
PRJ-0772,20,100,65,15,20.13,55.16,28.32,25.67,2.65
PRJ-0773,20,100,65,15,72.0,43.95,67.91,73.89,5.98
PRJ-0774,20,100,65,15,91.21,57.39,87.39,90.78,3.39
PRJ-0775,20,100,65,15,52.63,81.23,54.15,50.76,3.39
PRJ-0776,20,100,65,15,49.15,74.91,58.6,53.03,5.57
PRJ-0777,20,100,65,15,36.32,59.6,35.57,34.4,1.17
PRJ-0778,20,100,65,15,94.81,56.76,86.32,92.74,6.42
PRJ-0779,20,100,65,15,83.96,47.54,78.47,81.88,3.41
PRJ-0780,20,100,65,15,68.0,105.96,79.85,75.06,4.78
PRJ-0781,20,100,65,15,40.18,71.71,42.67,38.1,4.57
PRJ-0782,20,100,65,15,66.4,106.01,70.05,64.35,5.7
PRJ-0783,20,100,65,15,87.75,57.1,84.54,88.82,4.28
PRJ-0784,20,100,65,15,61.82,100.58,65.98,58.97,7.01
PRJ-0785,20,100,65,15,36.38,60.91,37.14,33.96,3.19
PRJ-0786,20,100,65,15,93.32,61.76,87.78,90.02,2.24
PRJ-0787,20,100,65,15,81.24,54.22,75.99,79.31,3.32
PRJ-0788,20,100,65,15,84.89,58.32,81.6,86.54,4.94
PRJ-0789,20,100,65,15,42.21,69.83,39.48,34.63,4.85
PRJ-0790,20,100,65,15,73.28,45.58,71.45,74.73,3.28
PRJ-0791,20,100,65,15,36.95,67.59,41.36,36.86,4.5
PRJ-0792,20,100,65,15,71.74,43.58,65.92,70.27,4.35
PRJ-0793,20,100,65,15,71.8,37.51,64.92,68.64,3.72
PRJ-0794,20,100,65,15,71.7,49.38,65.97,69.76,3.79
PRJ-0795,20,100,65,15,74.15,47.06,68.64,73.07,4.44
PRJ-0796,20,100,65,15,68.36,105.04,73.03,65.22,7.81
PRJ-0797,20,100,65,15,71.38,49.26,66.28,71.86,5.58
PRJ-0798,20,100,65,15,54.36,87.87,51.94,49.36,2.58
PRJ-0799,20,100,65,15,56.67,79.8,56.93,55.73,1.2
PRJ-0800,20,100,65,15,59.06,96.65,61.49,56.21,5.28
PRJ-0801,20,100,65,15,42.28,81.45,54.05,46.74,7.31
PRJ-0802,20,100,65,15,65.28,103.96,71.0,66.57,4.43
PRJ-0803,20,100,65,15,68.38,103.43,71.18,68.85,2.33
PRJ-0804,20,100,65,15,90.54,61.97,91.19,95.74,4.55
PRJ-0805,20,100,65,15,76.63,45.82,73.79,77.83,4.04
PRJ-0806,20,100,65,15,61.27,88.85,68.45,63.1,5.35
PRJ-0807,20,100,65,15,62.21,92.49,67.19,63.54,3.65
PRJ-0808,20,100,65,15,83.28,56.78,75.33,81.67,6.34
PRJ-0809,20,100,65,15,63.58,97.0,66.82,63.96,2.86
PRJ-0810,20,100,65,15,84.19,58.87,81.6,86.44,4.85
PRJ-0811,20,100,65,15,89.74,50.97,83.83,90.59,6.76
PRJ-0812,20,100,65,15,70.42,45.97,64.16,69.23,5.07
PRJ-0813,20,100,65,15,71.76,48.34,61.11,64.52,3.41
PRJ-0814,20,100,65,15,60.75,98.71,67.94,64.67,3.27
PRJ-0815,20,100,65,15,62.09,85.35,67.25,62.27,4.98
PRJ-0816,20,100,65,15,89.83,52.46,81.98,87.28,5.31
PRJ-0817,20,100,65,15,62.91,83.48,61.71,62.18,0.47
PRJ-0818,20,100,65,15,84.77,49.03,79.15,83.63,4.48
PRJ-0819,20,100,65,15,63.66,103.14,64.32,61.57,2.75
PRJ-0820,20,100,65,15,87.42,53.24,79.94,82.75,2.81
PRJ-0821,20,100,65,15,72.1,51.09,70.97,72.34,1.37
PRJ-0822,20,100,65,15,33.09,69.2,40.06,36.55,3.51
PRJ-0823,20,100,65,15,54.39,81.13,56.68,52.88,3.8
PRJ-0824,20,100,65,15,51.55,72.58,53.7,52.5,1.2
PRJ-0825,20,100,65,15,21.4,51.99,22.14,19.36,2.78
PRJ-0826,20,100,65,15,40.53,76.64,42.88,40.01,2.87
PRJ-0827,20,100,65,15,55.9,83.12,59.5,56.9,2.59
PRJ-0828,20,100,65,15,54.58,75.71,58.47,58.06,0.41
PRJ-0829,20,100,65,15,63.55,96.38,64.83,61.6,3.23
PRJ-0830,20,100,65,15,74.12,36.21,68.48,74.21,5.73
PRJ-0831,20,100,65,15,49.97,83.41,49.12,46.31,2.81
PRJ-0832,20,100,65,15,57.48,93.97,66.88,61.13,5.75
PRJ-0833,20,100,65,15,48.44,81.87,50.47,47.0,3.48
PRJ-0834,20,100,65,15,84.96,45.11,77.63,82.84,5.21
PRJ-0835,20,100,65,15,78.39,49.04,76.33,81.93,5.6
PRJ-0836,20,100,65,15,75.68,47.14,74.14,74.52,0.38
PRJ-0837,20,100,65,15,75.69,37.0,65.1,69.38,4.28
PRJ-0838,20,100,65,15,71.56,40.44,70.33,74.24,3.91
PRJ-0839,20,100,65,15,50.72,88.03,52.67,48.45,4.22
PRJ-0840,20,100,65,15,77.45,43.92,74.22,77.03,2.81
PRJ-0841,20,100,65,15,90.01,61.43,90.9,94.6,3.71
PRJ-0842,20,100,65,15,91.73,67.2,87.54,92.4,4.86
PRJ-0843,20,100,65,15,49.25,73.62,58.49,53.93,4.56
PRJ-0844,20,100,65,15,75.43,54.53,75.36,78.34,2.98
PRJ-0845,20,100,65,15,52.3,78.94,61.07,57.36,3.71
PRJ-0846,20,100,65,15,64.41,86.05,66.97,63.98,2.99
PRJ-0847,20,100,65,15,48.94,74.86,52.71,52.4,0.31
PRJ-0848,20,100,65,15,67.84,88.85,71.65,68.96,2.69
PRJ-0849,20,100,65,15,67.77,89.16,72.85,70.68,2.17
PRJ-0850,20,100,65,15,95.0,68.18,88.97,93.69,4.72
PRJ-0851,20,100,65,15,62.41,88.28,69.12,65.66,3.46
PRJ-0852,20,100,65,15,54.0,92.01,64.15,60.14,4.01
PRJ-0853,20,100,65,15,74.58,48.66,73.86,77.42,3.56
PRJ-0854,20,100,65,15,67.22,99.9,69.98,67.75,2.23
PRJ-0855,20,100,65,15,61.43,94.73,63.8,60.76,3.04
PRJ-0856,20,100,65,15,82.59,59.9,77.47,78.12,0.65
PRJ-0857,20,100,65,15,68.47,103.05,74.27,70.51,3.76
PRJ-0858,20,100,65,15,51.91,71.91,55.0,51.77,3.23
PRJ-0859,20,100,65,15,51.26,90.41,63.28,57.48,5.81
PRJ-0860,20,100,65,15,67.01,88.72,79.75,73.5,6.25
PRJ-0861,20,100,65,15,32.71,57.52,33.46,32.99,0.47
PRJ-0862,20,100,65,15,87.55,65.62,81.85,85.37,3.52
PRJ-0863,20,100,65,15,86.28,59.74,81.28,81.29,0.01
PRJ-0864,20,100,65,15,70.07,36.62,58.56,64.63,6.07
PRJ-0865,20,100,65,15,47.7,70.27,54.32,51.68,2.64
PRJ-0866,20,100,65,15,50.93,84.94,61.52,57.28,4.24
PRJ-0867,20,100,65,15,72.98,40.6,74.11,76.11,2.0
PRJ-0868,20,100,65,15,65.0,97.34,63.74,61.64,2.09
PRJ-0869,20,100,65,15,59.58,91.29,64.99,61.22,3.77
PRJ-0870,20,100,65,15,50.27,71.41,52.03,48.59,3.43
PRJ-0871,20,100,65,15,67.94,100.7,66.45,63.74,2.71
PRJ-0872,20,100,65,15,68.87,93.92,76.41,74.5,1.91
PRJ-0873,20,100,65,15,78.71,51.41,76.37,76.67,0.3
PRJ-0874,20,100,65,15,73.61,49.81,75.52,75.26,0.26
PRJ-0875,20,100,65,15,72.54,52.12,75.1,77.97,2.87
PRJ-0876,20,100,65,15,61.36,96.69,65.46,60.84,4.62
PRJ-0877,20,100,65,15,49.6,84.73,54.38,51.98,2.4
PRJ-0878,20,100,65,15,89.43,50.73,75.69,80.84,5.16
PRJ-0879,20,100,65,15,57.21,84.77,61.96,57.56,4.4
PRJ-0880,20,100,65,15,66.16,96.28,68.84,65.49,3.35
PRJ-0881,20,100,65,15,71.87,49.57,63.16,67.0,3.84
PRJ-0882,20,100,65,15,39.69,67.44,46.32,41.24,5.08
PRJ-0883,20,100,65,15,54.36,90.64,62.04,59.36,2.68
PRJ-0884,20,100,65,15,67.67,106.76,75.4,69.73,5.67
PRJ-0885,20,100,65,15,63.84,91.87,70.06,63.61,6.45
PRJ-0886,20,100,65,15,92.11,64.27,85.22,88.78,3.56
PRJ-0887,20,100,65,15,72.59,35.15,72.05,73.42,1.37
PRJ-0888,20,100,65,15,82.86,46.8,76.61,78.78,2.17
PRJ-0889,20,100,65,15,52.76,80.68,59.68,54.91,4.77
PRJ-0890,20,100,65,15,67.09,90.11,67.72,64.82,2.89
PRJ-0891,20,100,65,15,94.59,58.02,87.92,91.04,3.12
PRJ-0892,20,100,65,15,87.34,54.73,79.86,85.22,5.36
PRJ-0893,20,100,65,15,72.37,49.88,70.7,73.72,3.03
PRJ-0894,20,100,65,15,63.52,84.32,65.29,64.09,1.2
PRJ-0895,20,100,65,15,71.54,38.09,63.63,65.34,1.71
PRJ-0896,20,100,65,15,66.89,105.9,75.18,71.15,4.03
PRJ-0897,20,100,65,15,54.88,82.5,64.21,57.58,6.62
PRJ-0898,20,100,65,15,52.52,90.57,56.71,52.68,4.03
PRJ-0899,20,100,65,15,45.61,82.02,48.21,43.97,4.24
PRJ-0900,20,100,65,15,63.84,90.9,72.16,67.19,4.98
PRJ-0901,20,100,65,15,68.79,104.48,78.17,73.85,4.33
PRJ-0902,20,100,65,15,81.52,42.36,77.92,79.56,1.64
PRJ-0903,20,100,65,15,95.0,63.57,93.74,97.62,3.88
PRJ-0904,20,100,65,15,45.86,76.32,54.82,51.03,3.79
PRJ-0905,20,100,65,15,75.43,52.16,69.38,71.8,2.41
PRJ-0906,20,100,65,15,52.93,80.66,54.43,51.25,3.19
PRJ-0907,20,100,65,15,63.09,90.74,57.35,57.46,0.1
PRJ-0908,20,100,65,15,95.0,64.89,90.66,94.18,3.52
PRJ-0909,20,100,65,15,90.44,51.24,88.73,94.87,6.14
PRJ-0910,20,100,65,15,80.35,59.44,83.11,86.4,3.29
PRJ-0911,20,100,65,15,58.18,80.65,60.85,57.91,2.94
PRJ-0912,20,100,65,15,63.79,90.95,65.03,60.24,4.79
PRJ-0913,20,100,65,15,79.67,51.45,74.79,75.45,0.66
PRJ-0914,20,100,65,15,85.8,65.32,76.6,77.95,1.35
PRJ-0915,20,100,65,15,49.84,76.15,57.37,51.49,5.89
PRJ-0916,20,100,65,15,74.97,53.03,67.27,69.97,2.71
PRJ-0917,20,100,65,15,72.44,42.94,68.51,71.27,2.76
PRJ-0918,20,100,65,15,94.03,58.38,82.99,88.85,5.85
PRJ-0919,20,100,65,15,65.68,93.87,68.5,65.57,2.93
PRJ-0920,20,100,65,15,44.41,79.03,51.67,45.28,6.39
PRJ-0921,20,100,65,15,90.68,53.35,82.98,86.05,3.08
PRJ-0922,20,100,65,15,72.13,49.33,67.92,71.5,3.58
PRJ-0923,20,100,65,15,84.19,44.26,75.39,78.4,3.01
PRJ-0924,20,100,65,15,27.6,55.52,30.08,27.87,2.21
PRJ-0925,20,100,65,15,56.27,84.64,57.65,53.45,4.19
PRJ-0926,20,100,65,15,95.0,63.49,87.3,94.57,7.26
PRJ-0927,20,100,65,15,63.45,87.65,70.95,64.07,6.88
PRJ-0928,20,100,65,15,88.92,57.64,84.7,90.43,5.73
PRJ-0929,20,100,65,15,78.19,43.49,75.01,76.89,1.87
PRJ-0930,20,100,65,15,69.7,92.36,79.91,73.4,6.51
PRJ-0931,20,100,65,15,57.03,82.79,58.88,54.0,4.87
PRJ-0932,20,100,65,15,95.0,69.29,90.46,94.11,3.65
PRJ-0933,20,100,65,15,74.61,52.78,71.23,74.31,3.07
PRJ-0934,20,100,65,15,45.51,73.66,57.76,51.73,6.03
PRJ-0935,20,100,65,15,79.38,41.56,74.49,79.12,4.63
PRJ-0936,20,100,65,15,81.11,52.52,80.44,84.45,4.01
PRJ-0937,20,100,65,15,69.81,95.19,70.19,68.78,1.4
PRJ-0938,20,100,65,15,69.3,95.43,69.75,66.98,2.77
PRJ-0939,20,100,65,15,95.0,73.37,100.11,100.0,0.11
PRJ-0940,20,100,65,15,46.66,72.32,47.88,43.43,4.46
PRJ-0941,20,100,65,15,83.59,44.94,80.23,83.5,3.27
PRJ-0942,20,100,65,15,74.06,42.77,72.16,74.76,2.6
PRJ-0943,20,100,65,15,83.89,46.29,77.56,84.56,7.0
PRJ-0944,20,100,65,15,80.11,55.69,77.26,79.62,2.36
PRJ-0945,20,100,65,15,95.0,59.8,92.07,95.55,3.49
PRJ-0946,20,100,65,15,53.14,77.33,50.11,48.79,1.33
PRJ-0947,20,100,65,15,65.51,101.15,70.54,66.23,4.3
PRJ-0948,20,100,65,15,70.94,31.62,69.69,73.83,4.15
PRJ-0949,20,100,65,15,50.21,81.71,57.97,52.03,5.94
PRJ-0950,20,100,65,15,78.42,52.18,70.14,75.6,5.45
PRJ-0951,20,100,65,15,93.47,65.36,84.9,89.08,4.18
PRJ-0952,20,100,65,15,76.46,40.79,67.57,72.53,4.96
PRJ-0953,20,100,65,15,61.46,98.38,69.71,64.83,4.88
PRJ-0954,20,100,65,15,69.0,90.25,65.78,63.62,2.16
PRJ-0955,20,100,65,15,50.15,86.33,53.08,49.48,3.59
PRJ-0956,20,100,65,15,48.29,85.46,55.28,49.21,6.08
PRJ-0957,20,100,65,15,71.12,32.22,67.69,72.5,4.8
PRJ-0958,20,100,65,15,52.62,82.63,58.59,52.23,6.36
PRJ-0959,20,100,65,15,67.41,103.46,76.05,73.34,2.7
PRJ-0960,20,100,65,15,54.08,87.33,59.84,54.96,4.88
PRJ-0961,20,100,65,15,75.97,38.8,71.12,76.54,5.42
PRJ-0962,20,100,65,15,70.08,35.24,63.47,69.27,5.8
PRJ-0963,20,100,65,15,47.85,68.93,52.42,50.32,2.1
PRJ-0964,20,100,65,15,66.09,103.08,76.66,69.21,7.45
PRJ-0965,20,100,65,15,48.21,71.99,51.54,47.94,3.6
PRJ-0966,20,100,65,15,83.44,51.35,84.22,85.94,1.72
PRJ-0967,20,100,65,15,84.13,62.02,82.12,84.15,2.03
PRJ-0968,20,100,65,15,77.59,43.65,76.24,79.66,3.42
PRJ-0969,20,100,65,15,78.08,49.93,71.53,75.77,4.24
PRJ-0970,20,100,65,15,69.99,102.62,75.59,71.14,4.45
PRJ-0971,20,100,65,15,51.26,86.77,54.53,49.55,4.98
PRJ-0972,20,100,65,15,69.61,89.83,69.74,66.86,2.89
PRJ-0973,20,100,65,15,71.36,44.48,63.1,68.61,5.51
PRJ-0974,20,100,65,15,45.26,82.86,48.42,40.41,8.01
PRJ-0975,20,100,65,15,95.0,61.74,93.97,100.0,6.03
PRJ-0976,20,100,65,15,63.4,91.85,69.88,62.72,7.16
PRJ-0977,20,100,65,15,55.67,84.05,62.55,58.57,3.99
PRJ-0978,20,100,65,15,81.05,46.0,71.71,75.55,3.84
PRJ-0979,20,100,65,15,34.72,61.62,41.42,36.92,4.5
PRJ-0980,20,100,65,15,63.17,83.17,62.2,59.23,2.97
PRJ-0981,20,100,65,15,54.28,82.89,60.55,56.74,3.81
PRJ-0982,20,100,65,15,67.52,94.5,68.51,66.47,2.03
PRJ-0983,20,100,65,15,86.43,65.72,78.69,81.21,2.52
PRJ-0984,20,100,65,15,69.94,105.98,73.77,69.65,4.12
PRJ-0985,20,100,65,15,54.62,91.85,56.67,50.38,6.29
PRJ-0986,20,100,65,15,95.0,55.22,93.13,96.07,2.93
PRJ-0987,20,100,65,15,69.83,100.6,71.99,69.11,2.87
PRJ-0988,20,100,65,15,77.35,50.44,72.19,76.66,4.47
PRJ-0989,20,100,65,15,74.97,54.96,73.9,74.73,0.84
PRJ-0990,20,100,65,15,57.54,82.21,56.79,53.98,2.82
PRJ-0991,20,100,65,15,38.43,75.95,39.49,37.47,2.01
PRJ-0992,20,100,65,15,46.57,73.18,53.28,48.54,4.74
PRJ-0993,20,100,65,15,62.75,86.03,62.47,60.68,1.79
PRJ-0994,20,100,65,15,47.42,80.11,52.44,47.53,4.9
PRJ-0995,20,100,65,15,67.72,91.09,75.52,72.54,2.98
PRJ-0996,20,100,65,15,58.81,97.51,67.89,63.81,4.07
PRJ-0997,20,100,65,15,62.53,90.08,64.1,62.04,2.06
PRJ-0998,20,100,65,15,49.76,72.96,48.36,49.07,0.71
PRJ-0999,20,100,65,15,51.61,87.54,58.1,53.73,4.37
PRJ-1000,20,100,65,15,35.47,58.59,44.38,40.1,4.28
