Proposal_ID,Total_Eval_Txs,Active_Nodes,True_ROI(%),Malicious_ROI_Vote(%),Standard_DAO_ROI(%),AI_Verified_ROI(%),AI_Risk_Score,Required_ROI_Threshold,Final_Decision
PRJ-0001,20,100,172.12,237.72,193.2,180.59,72.45,216.23,Rejected
PRJ-0002,20,100,235.17,195.99,224.25,230.5,69.19,196.81,Accepted
PRJ-0003,20,100,58.74,169.92,66.43,50.44,68.63,193.61,Rejected
PRJ-0004,20,100,110.9,239.42,115.05,102.14,58.58,141.07,Rejected
PRJ-0005,20,100,83.34,194.09,98.85,82.43,66.01,178.97,Rejected
PRJ-0006,20,100,207.64,155.63,196.97,206.32,56.0,129.17,Accepted
PRJ-0007,20,100,103.17,184.34,110.7,103.65,64.8,172.41,Rejected
PRJ-0008,20,100,301.62,443.81,328.95,306.9,100.0,423.88,Rejected
PRJ-0009,20,100,145.81,278.69,156.62,138.3,63.27,164.33,Rejected
PRJ-0010,20,100,77.8,208.02,94.47,74.58,44.8,84.89,Rejected
PRJ-0011,20,100,185.42,116.86,184.08,192.3,54.85,124.07,Accepted
PRJ-0012,20,100,124.0,180.35,134.15,121.5,61.89,157.3,Rejected
PRJ-0013,20,100,65.36,204.08,96.94,74.76,48.4,97.86,Rejected
PRJ-0014,20,100,134.43,76.37,133.66,140.72,49.43,101.78,Accepted
PRJ-0015,20,100,259.91,228.64,251.64,250.72,64.46,170.62,Accepted
PRJ-0016,20,100,191.24,148.78,187.92,194.85,43.72,81.23,Accepted
PRJ-0017,20,100,175.81,318.78,191.61,172.07,87.17,317.26,Rejected
PRJ-0018,20,100,250.03,210.7,246.85,251.79,72.52,216.66,Accepted
PRJ-0019,20,100,227.74,186.34,217.28,223.16,66.46,181.41,Accepted
PRJ-0020,20,100,183.87,256.08,188.15,174.03,84.11,294.39,Rejected
PRJ-0021,20,100,109.61,211.49,126.79,111.25,59.86,147.21,Rejected
PRJ-0022,20,100,225.77,180.73,208.92,219.79,50.85,107.37,Accepted
PRJ-0023,20,100,316.42,279.18,312.02,316.18,65.9,178.38,Accepted
PRJ-0024,20,100,175.73,301.89,190.25,176.65,70.1,202.13,Rejected
PRJ-0025,20,100,133.79,247.15,146.95,136.57,76.87,244.19,Rejected
PRJ-0026,20,100,147.84,108.51,145.87,148.27,51.79,111.15,Accepted
PRJ-0027,20,100,139.48,254.0,152.03,134.04,66.49,181.62,Rejected
PRJ-0028,20,100,126.6,190.35,137.21,129.46,73.05,219.88,Rejected
PRJ-0029,20,100,126.53,55.67,111.16,125.39,53.25,117.22,Accepted
PRJ-0030,20,100,356.17,281.31,342.66,353.31,85.46,304.37,Accepted
PRJ-0031,20,100,220.93,154.63,199.04,210.5,68.9,195.16,Accepted
PRJ-0032,20,100,256.7,226.24,257.95,260.15,74.26,227.48,Accepted
PRJ-0033,20,100,132.05,247.25,158.24,142.99,69.4,198.03,Rejected
PRJ-0034,20,100,129.56,254.21,139.04,123.84,76.02,238.67,Rejected
PRJ-0035,20,100,217.78,277.15,240.74,228.18,79.45,261.49,Rejected
PRJ-0036,20,100,83.71,22.15,75.89,86.17,44.45,83.7,Accepted
PRJ-0037,20,100,254.56,214.8,264.06,261.84,65.2,174.54,Accepted
PRJ-0038,20,100,199.63,160.77,193.11,198.97,50.55,106.17,Accepted
PRJ-0039,20,100,203.81,125.63,193.18,204.86,61.65,156.06,Accepted
PRJ-0040,20,100,201.41,155.56,195.87,204.43,58.21,139.35,Accepted
PRJ-0041,20,100,98.04,205.04,116.96,101.14,68.21,191.23,Rejected
PRJ-0042,20,100,124.7,248.78,147.06,130.79,68.46,192.67,Rejected
PRJ-0043,20,100,259.47,390.41,269.01,251.68,81.25,273.91,Rejected
PRJ-0044,20,100,190.65,290.8,210.98,194.61,69.57,199.02,Rejected
PRJ-0045,20,100,250.55,176.05,246.38,256.11,73.56,223.09,Accepted
PRJ-0046,20,100,45.83,99.43,49.27,44.32,47.71,95.27,Rejected
PRJ-0047,20,100,117.46,170.51,117.97,115.78,99.72,421.36,Rejected
PRJ-0048,20,100,122.8,82.01,122.52,129.68,51.6,110.38,Accepted
PRJ-0049,20,100,160.27,103.24,147.95,157.77,54.04,120.6,Accepted
PRJ-0050,20,100,253.54,335.83,268.58,255.88,85.45,304.32,Rejected
PRJ-0051,20,100,200.28,169.01,192.32,196.09,55.07,125.07,Accepted
PRJ-0052,20,100,245.84,203.33,236.47,242.9,53.42,117.94,Accepted
PRJ-0053,20,100,238.97,384.45,262.2,237.88,91.48,351.15,Rejected
PRJ-0054,20,100,276.27,233.88,276.66,275.99,70.66,205.44,Accepted
PRJ-0055,20,100,158.75,256.16,179.45,164.21,84.0,293.64,Rejected
PRJ-0056,20,100,110.52,203.9,119.69,105.42,64.71,171.93,Rejected
PRJ-0057,20,100,125.27,212.73,137.74,124.64,89.49,335.22,Rejected
PRJ-0058,20,100,309.46,271.31,310.51,313.82,65.88,178.24,Accepted
PRJ-0059,20,100,136.36,280.38,155.88,136.88,67.99,189.95,Rejected
PRJ-0060,20,100,192.6,135.32,194.68,196.18,36.54,59.63,Accepted
PRJ-0061,20,100,198.2,164.64,190.34,197.07,62.72,161.53,Accepted
PRJ-0062,20,100,163.02,282.7,176.82,160.34,78.27,253.54,Rejected
PRJ-0063,20,100,209.73,287.93,227.88,216.15,78.49,255.01,Rejected
PRJ-0064,20,100,139.29,266.93,145.3,128.74,73.28,221.3,Rejected
PRJ-0065,20,100,169.64,294.73,194.29,173.53,73.21,220.87,Rejected
PRJ-0066,20,100,171.68,100.36,166.61,174.04,58.88,142.51,Accepted
PRJ-0067,20,100,166.8,311.86,188.83,169.28,75.23,233.6,Rejected
PRJ-0068,20,100,282.55,365.41,286.47,274.04,93.68,369.21,Rejected
PRJ-0069,20,100,245.77,304.89,260.44,251.17,82.37,281.87,Rejected
PRJ-0070,20,100,147.59,73.21,140.27,143.39,54.51,122.62,Accepted
PRJ-0071,20,100,125.43,64.52,114.25,124.79,52.62,114.56,Accepted
PRJ-0072,20,100,167.53,133.46,169.47,172.49,58.5,140.7,Accepted
PRJ-0073,20,100,43.45,171.17,59.0,40.89,43.28,79.77,Rejected
PRJ-0074,20,100,206.2,152.77,197.18,204.31,34.44,54.2,Accepted
PRJ-0075,20,100,126.08,272.3,158.9,134.84,69.84,200.62,Rejected
PRJ-0076,20,100,77.32,223.64,100.9,78.79,43.32,79.9,Rejected
PRJ-0077,20,100,173.81,320.74,191.52,173.22,68.36,192.08,Rejected
PRJ-0078,20,100,252.82,365.57,279.49,258.12,99.14,416.15,Rejected
PRJ-0079,20,100,201.55,279.29,215.48,209.36,78.08,252.27,Rejected
PRJ-0080,20,100,81.44,139.21,82.6,80.69,62.63,161.07,Rejected
PRJ-0081,20,100,288.8,224.56,278.79,290.46,70.13,202.3,Accepted
PRJ-0082,20,100,275.63,202.33,266.12,277.54,76.13,239.39,Accepted
PRJ-0083,20,100,170.69,317.69,195.3,169.05,82.69,284.16,Rejected
PRJ-0084,20,100,191.17,268.51,189.39,178.21,69.13,196.52,Rejected
PRJ-0085,20,100,169.96,265.01,186.49,170.97,65.08,173.91,Rejected
PRJ-0086,20,100,162.18,114.27,167.69,171.38,44.47,83.76,Accepted
PRJ-0087,20,100,131.06,233.08,152.1,139.31,69.98,201.47,Rejected
PRJ-0088,20,100,240.78,190.61,237.59,245.34,67.55,187.49,Accepted
PRJ-0089,20,100,266.54,229.72,262.0,264.15,74.68,230.1,Accepted
PRJ-0090,20,100,206.93,159.51,201.87,209.9,39.04,66.62,Accepted
PRJ-0091,20,100,212.01,348.25,229.46,216.08,87.54,320.07,Rejected
PRJ-0092,20,100,214.39,135.39,191.63,206.93,64.78,172.31,Accepted
PRJ-0093,20,100,105.83,72.04,100.54,101.92,33.99,53.06,Accepted
PRJ-0094,20,100,166.53,112.83,159.16,168.33,48.48,98.15,Accepted
PRJ-0095,20,100,170.63,131.78,158.32,165.32,50.21,104.83,Accepted
PRJ-0096,20,100,116.79,52.27,93.6,108.96,43.49,80.47,Accepted
PRJ-0097,20,100,160.95,90.64,148.71,159.02,54.5,122.58,Accepted
PRJ-0098,20,100,181.89,127.66,164.61,174.93,53.95,120.21,Accepted
PRJ-0099,20,100,208.1,176.27,207.18,214.22,42.27,76.5,Accepted
PRJ-0100,20,100,130.71,233.92,152.1,135.04,77.77,250.17,Rejected
PRJ-0101,20,100,106.21,183.14,113.75,100.58,63.08,163.38,Rejected
PRJ-0102,20,100,159.09,112.71,144.75,151.81,62.2,158.84,Rejected
PRJ-0103,20,100,265.45,324.14,283.11,270.83,90.31,341.72,Rejected
PRJ-0104,20,100,290.87,353.63,308.35,294.72,100.0,423.88,Rejected
PRJ-0105,20,100,60.39,146.0,87.7,71.56,51.87,111.46,Rejected
PRJ-0106,20,100,175.39,240.68,182.58,173.68,65.42,175.73,Rejected
PRJ-0107,20,100,120.21,187.54,123.2,115.47,55.24,125.8,Rejected
PRJ-0108,20,100,140.5,67.23,130.27,141.2,27.46,38.81,Accepted
PRJ-0109,20,100,196.75,120.28,181.04,195.0,56.35,130.75,Accepted
PRJ-0110,20,100,319.35,388.05,328.11,321.68,95.65,385.76,Rejected
PRJ-0111,20,100,38.1,99.58,42.32,31.71,53.55,118.49,Rejected
PRJ-0112,20,100,173.71,119.65,163.5,169.01,42.14,76.07,Accepted
PRJ-0113,20,100,152.24,119.08,142.17,146.86,55.22,125.72,Accepted
PRJ-0114,20,100,196.36,136.58,195.62,203.14,55.97,129.05,Accepted
PRJ-0115,20,100,52.45,-19.08,42.38,53.61,27.93,39.71,Accepted
PRJ-0116,20,100,176.95,311.13,208.14,185.6,67.55,187.47,Rejected
PRJ-0117,20,100,151.4,217.83,157.19,148.52,70.06,201.93,Rejected
PRJ-0118,20,100,243.77,169.91,227.68,234.46,73.15,220.54,Accepted
PRJ-0119,20,100,174.95,271.22,176.72,163.67,83.02,286.5,Rejected
PRJ-0120,20,100,144.78,284.74,160.73,139.29,80.77,270.62,Rejected
PRJ-0121,20,100,56.73,118.42,71.37,60.9,77.44,247.98,Rejected
PRJ-0122,20,100,205.6,135.9,189.9,199.73,67.48,187.09,Accepted
PRJ-0123,20,100,320.33,282.74,316.77,321.55,74.49,228.91,Accepted
PRJ-0124,20,100,88.51,226.19,116.48,97.87,48.63,98.71,Rejected
PRJ-0125,20,100,164.41,294.14,177.12,161.36,80.56,269.15,Rejected
PRJ-0126,20,100,122.3,236.42,148.39,130.88,58.59,141.12,Rejected
PRJ-0127,20,100,290.77,251.69,274.93,282.91,71.2,208.67,Accepted
PRJ-0128,20,100,221.74,144.38,193.29,209.46,67.56,187.54,Accepted
PRJ-0129,20,100,107.03,158.84,123.53,118.76,69.2,196.89,Rejected
PRJ-0130,20,100,250.53,315.79,263.68,253.59,91.73,353.17,Rejected
PRJ-0131,20,100,298.54,441.98,322.17,305.36,93.23,365.44,Rejected
PRJ-0132,20,100,211.43,161.48,215.33,223.81,63.65,166.32,Accepted
PRJ-0133,20,100,137.12,240.86,139.46,128.33,62.63,161.05,Rejected
PRJ-0134,20,100,198.48,145.87,189.81,200.88,61.55,155.58,Accepted
PRJ-0135,20,100,69.8,169.64,82.34,68.85,61.11,153.35,Rejected
PRJ-0136,20,100,179.29,292.51,188.71,179.2,77.07,245.51,Rejected
PRJ-0137,20,100,93.35,150.06,110.57,105.46,60.97,152.66,Rejected
PRJ-0138,20,100,186.33,146.79,180.95,185.92,53.26,117.26,Accepted
PRJ-0139,20,100,133.51,261.06,150.96,132.01,64.51,170.87,Rejected
PRJ-0140,20,100,44.93,150.89,46.63,32.81,85.83,307.13,Rejected
PRJ-0141,20,100,135.46,249.86,143.38,127.89,59.86,147.22,Rejected
PRJ-0142,20,100,153.05,90.11,140.55,152.04,59.57,145.82,Accepted
PRJ-0143,20,100,118.74,234.02,137.26,119.2,75.83,237.42,Rejected
PRJ-0144,20,100,143.78,279.35,161.12,145.68,59.74,146.63,Rejected
PRJ-0145,20,100,226.81,182.16,220.3,223.6,59.59,145.89,Accepted
PRJ-0146,20,100,227.8,178.81,211.52,219.17,39.95,69.33,Accepted
PRJ-0147,20,100,161.33,103.73,159.06,160.81,41.65,74.53,Accepted
PRJ-0148,20,100,86.96,16.97,79.43,90.43,38.7,65.64,Accepted
PRJ-0149,20,100,153.77,92.09,135.25,148.93,59.55,145.7,Accepted
PRJ-0150,20,100,125.09,202.33,133.1,120.53,55.66,127.65,Rejected
PRJ-0151,20,100,113.59,228.73,121.97,111.01,67.94,189.68,Rejected
PRJ-0152,20,100,185.95,122.7,191.15,197.56,57.96,138.17,Accepted
PRJ-0153,20,100,40.52,107.15,48.64,38.53,37.39,61.94,Rejected
PRJ-0154,20,100,169.52,120.05,160.92,164.58,59.78,146.83,Accepted
PRJ-0155,20,100,60.97,167.61,80.12,61.18,51.15,108.56,Rejected
PRJ-0156,20,100,204.92,276.42,217.03,206.65,96.22,390.64,Rejected
PRJ-0157,20,100,158.78,112.07,159.52,169.27,56.37,130.83,Accepted
PRJ-0158,20,100,172.04,117.27,162.4,171.19,59.72,146.53,Accepted
PRJ-0159,20,100,258.82,188.85,247.25,259.4,55.6,127.38,Accepted
PRJ-0160,20,100,193.4,158.82,189.35,189.0,48.68,98.91,Accepted
PRJ-0161,20,100,202.23,128.58,183.75,197.92,63.88,167.56,Accepted
PRJ-0162,20,100,226.17,361.09,256.96,236.67,77.25,246.73,Rejected
PRJ-0163,20,100,65.45,133.51,78.3,68.71,63.95,167.9,Rejected
PRJ-0164,20,100,197.13,344.24,219.37,199.9,77.28,246.9,Rejected
PRJ-0165,20,100,206.82,160.87,200.2,206.58,64.41,170.32,Accepted
PRJ-0166,20,100,159.12,92.88,153.47,158.01,43.92,81.91,Accepted
PRJ-0167,20,100,135.57,217.45,153.73,143.42,62.2,158.84,Rejected
PRJ-0168,20,100,207.41,259.85,214.4,203.9,78.02,251.81,Rejected
PRJ-0169,20,100,233.15,179.16,231.83,234.91,66.23,180.19,Accepted
PRJ-0170,20,100,210.67,334.43,213.21,198.79,78.8,257.06,Rejected
PRJ-0171,20,100,138.75,218.38,140.81,130.64,58.7,141.63,Rejected
PRJ-0172,20,100,42.35,187.34,64.71,41.33,35.99,58.18,Rejected
PRJ-0173,20,100,180.74,292.08,201.33,183.85,79.76,263.64,Rejected
PRJ-0174,20,100,295.78,256.95,285.3,288.71,82.51,282.83,Accepted
PRJ-0175,20,100,116.85,172.63,130.28,118.47,55.65,127.63,Rejected
PRJ-0176,20,100,86.5,151.89,105.19,94.09,59.4,144.99,Rejected
PRJ-0177,20,100,190.07,130.42,172.68,185.42,56.72,132.42,Accepted
PRJ-0178,20,100,154.2,117.72,151.05,154.13,52.4,113.65,Accepted
PRJ-0179,20,100,194.79,253.48,217.79,204.83,69.29,197.41,Accepted
PRJ-0180,20,100,44.35,143.94,56.46,46.16,38.77,65.85,Rejected
PRJ-0181,20,100,166.45,112.42,165.42,169.7,57.24,134.8,Accepted
PRJ-0182,20,100,220.14,326.71,233.64,223.37,83.08,286.98,Rejected
PRJ-0183,20,100,161.21,296.27,190.04,168.79,73.76,224.31,Rejected
PRJ-0184,20,100,220.85,156.85,218.03,225.21,71.08,207.97,Accepted
PRJ-0185,20,100,243.24,326.75,256.1,243.83,85.73,306.41,Rejected
PRJ-0186,20,100,178.08,122.71,173.54,180.66,54.66,123.25,Accepted
PRJ-0187,20,100,174.95,288.35,192.01,172.53,67.87,189.27,Rejected
PRJ-0188,20,100,220.19,324.31,234.26,221.11,87.43,319.24,Rejected
PRJ-0189,20,100,181.17,146.04,178.99,184.1,63.57,165.92,Accepted
PRJ-0190,20,100,196.25,130.84,183.41,193.45,67.63,187.96,Accepted
PRJ-0191,20,100,128.58,183.16,131.51,129.45,66.99,184.39,Rejected
PRJ-0192,20,100,145.36,272.4,151.78,139.45,70.51,204.54,Rejected
PRJ-0193,20,100,264.88,226.7,241.25,250.95,56.67,132.22,Accepted
PRJ-0194,20,100,243.75,200.09,248.71,252.52,74.73,230.41,Accepted
PRJ-0195,20,100,178.6,268.36,191.65,184.17,74.75,230.56,Rejected
PRJ-0196,20,100,178.85,231.96,180.49,174.08,78.47,254.84,Rejected
PRJ-0197,20,100,219.83,141.42,214.51,222.31,46.23,89.88,Accepted
PRJ-0198,20,100,160.48,294.96,187.28,167.32,69.05,196.0,Rejected
PRJ-0199,20,100,264.1,194.28,258.52,266.57,74.64,229.85,Accepted
PRJ-0200,20,100,136.18,84.67,125.13,134.85,49.54,102.19,Accepted
PRJ-0201,20,100,80.07,156.97,87.93,79.2,64.4,170.28,Rejected
PRJ-0202,20,100,209.61,175.99,203.52,207.97,55.48,126.87,Accepted
PRJ-0203,20,100,9.35,128.85,26.69,6.06,58.22,139.36,Rejected
PRJ-0204,20,100,205.78,170.53,196.99,203.46,70.58,204.98,Rejected
PRJ-0205,20,100,97.4,203.37,123.45,107.96,64.95,173.2,Rejected
PRJ-0206,20,100,145.6,111.67,139.12,143.79,51.86,111.41,Accepted
PRJ-0207,20,100,123.09,53.06,122.27,132.39,49.98,103.89,Accepted
PRJ-0208,20,100,126.98,247.63,141.18,126.82,57.6,136.48,Rejected
PRJ-0209,20,100,129.79,251.2,152.64,135.39,65.89,178.33,Rejected
PRJ-0210,20,100,216.7,145.83,212.14,219.57,56.31,130.57,Accepted
PRJ-0211,20,100,181.68,239.84,197.23,190.57,96.13,389.86,Rejected
PRJ-0212,20,100,107.39,52.48,107.94,113.23,49.53,102.14,Accepted
PRJ-0213,20,100,239.82,309.78,251.16,241.09,90.91,346.57,Rejected
PRJ-0214,20,100,166.13,99.78,159.06,169.91,57.47,135.86,Accepted
PRJ-0215,20,100,248.39,169.01,223.72,237.42,57.75,137.19,Accepted
PRJ-0216,20,100,244.94,171.26,244.23,249.52,41.57,74.29,Accepted
PRJ-0217,20,100,215.36,139.74,196.68,212.33,62.41,159.93,Accepted
PRJ-0218,20,100,106.16,169.32,124.77,115.4,72.99,219.55,Rejected
PRJ-0219,20,100,195.98,343.12,212.23,192.86,72.41,215.98,Rejected
PRJ-0220,20,100,158.25,295.33,173.15,152.21,69.86,200.72,Rejected
PRJ-0221,20,100,16.92,83.28,20.17,17.0,76.58,242.29,Rejected
PRJ-0222,20,100,171.89,254.41,179.42,172.24,70.61,205.17,Rejected
PRJ-0223,20,100,175.16,133.36,171.6,176.08,57.98,138.28,Accepted
PRJ-0224,20,100,125.68,83.25,125.88,128.12,33.57,52.05,Accepted
PRJ-0225,20,100,258.53,312.2,263.36,256.41,87.51,319.88,Rejected
PRJ-0226,20,100,263.22,192.94,256.09,267.57,77.71,249.74,Accepted
PRJ-0227,20,100,209.15,286.12,218.67,208.15,80.45,268.4,Rejected
PRJ-0228,20,100,127.05,270.44,141.93,124.57,65.73,177.41,Rejected
PRJ-0229,20,100,49.23,144.71,68.61,55.37,66.18,179.89,Rejected
PRJ-0230,20,100,286.54,255.04,281.4,283.69,33.49,51.84,Accepted
PRJ-0231,20,100,134.53,281.52,152.25,135.29,81.62,276.56,Rejected
PRJ-0232,20,100,135.42,203.14,148.09,140.31,69.15,196.6,Rejected
PRJ-0233,20,100,220.23,319.95,237.87,223.1,78.05,252.04,Rejected
PRJ-0234,20,100,211.46,354.55,231.87,211.15,79.44,261.45,Rejected
PRJ-0235,20,100,268.07,357.46,276.7,268.08,81.58,276.28,Rejected
PRJ-0236,20,100,163.96,94.84,155.35,166.87,53.43,117.95,Accepted
PRJ-0237,20,100,237.78,320.49,255.18,240.68,89.21,333.02,Rejected
PRJ-0238,20,100,229.46,323.02,249.65,235.66,80.7,270.13,Rejected
PRJ-0239,20,100,170.48,124.25,163.08,169.3,62.75,161.67,Accepted
PRJ-0240,20,100,33.87,128.74,54.54,35.99,45.83,88.47,Rejected
PRJ-0241,20,100,70.36,182.31,98.55,82.02,55.42,126.58,Rejected
PRJ-0242,20,100,65.29,11.34,64.15,68.67,31.26,46.67,Accepted
PRJ-0243,20,100,30.76,141.55,65.34,44.33,44.16,82.7,Rejected
PRJ-0244,20,100,219.89,362.59,242.82,221.5,75.2,233.41,Rejected
PRJ-0245,20,100,129.8,85.56,117.07,121.57,53.69,119.08,Accepted
PRJ-0246,20,100,156.17,267.2,168.99,150.16,79.56,262.26,Rejected
PRJ-0247,20,100,196.73,157.67,186.33,191.27,50.16,104.6,Accepted
PRJ-0248,20,100,173.89,138.55,175.93,182.4,50.46,105.81,Accepted
PRJ-0249,20,100,150.42,80.12,143.12,151.41,41.11,72.83,Accepted
PRJ-0250,20,100,155.19,95.11,148.55,157.11,56.32,130.6,Accepted
PRJ-0251,20,100,170.75,281.85,181.16,166.63,65.73,177.45,Rejected
PRJ-0252,20,100,179.98,253.67,194.65,181.96,82.24,280.94,Rejected
PRJ-0253,20,100,201.3,137.92,198.32,203.41,54.22,121.37,Accepted
PRJ-0254,20,100,126.54,193.35,136.36,132.99,68.59,193.4,Rejected
PRJ-0255,20,100,208.94,261.3,215.41,208.23,74.51,229.0,Rejected
PRJ-0256,20,100,297.47,247.92,286.65,291.06,83.37,289.03,Accepted
PRJ-0257,20,100,319.4,267.99,318.91,320.67,63.68,166.47,Accepted
PRJ-0258,20,100,259.61,367.44,273.56,260.3,79.65,262.83,Rejected
PRJ-0259,20,100,144.55,217.21,147.47,139.42,59.31,144.58,Rejected
PRJ-0260,20,100,139.31,69.29,126.54,135.36,56.2,130.09,Accepted
PRJ-0261,20,100,79.96,183.25,101.53,85.18,68.51,192.91,Rejected
PRJ-0262,20,100,61.33,184.4,93.73,71.98,47.41,94.16,Rejected
PRJ-0263,20,100,144.62,105.85,141.07,146.93,54.42,122.24,Accepted
PRJ-0264,20,100,178.02,125.5,167.65,173.71,50.14,104.53,Accepted
PRJ-0265,20,100,221.31,144.95,217.05,227.32,53.97,120.26,Accepted
PRJ-0266,20,100,68.16,202.36,93.2,72.38,56.99,133.68,Rejected
PRJ-0267,20,100,253.22,315.99,261.41,253.7,99.79,421.99,Rejected
PRJ-0268,20,100,215.54,301.56,219.63,208.81,72.56,216.87,Rejected
PRJ-0269,20,100,147.9,87.87,122.39,135.42,37.46,62.14,Accepted
PRJ-0270,20,100,191.46,326.6,212.54,193.93,77.54,248.67,Rejected
PRJ-0271,20,100,163.28,300.08,185.04,167.77,66.23,180.15,Rejected
PRJ-0272,20,100,218.32,308.62,228.8,216.24,73.53,222.86,Rejected
PRJ-0273,20,100,127.58,241.67,144.73,128.83,73.05,219.89,Rejected
PRJ-0274,20,100,172.78,104.54,168.75,181.97,61.62,155.94,Accepted
PRJ-0275,20,100,88.57,175.32,96.29,83.76,65.16,174.32,Rejected
PRJ-0276,20,100,183.95,284.56,189.3,174.93,72.62,217.24,Rejected
PRJ-0277,20,100,132.99,72.01,123.51,128.99,50.91,107.59,Accepted
PRJ-0278,20,100,165.94,86.19,151.36,161.89,50.5,105.96,Accepted
PRJ-0279,20,100,150.79,270.0,164.86,148.31,67.23,185.7,Rejected
PRJ-0280,20,100,123.7,236.09,141.05,121.05,65.24,174.75,Rejected
PRJ-0281,20,100,154.1,105.72,141.05,146.86,26.69,37.37,Accepted
PRJ-0282,20,100,180.61,231.71,195.71,187.48,83.12,287.21,Rejected
PRJ-0283,20,100,5.0,108.53,21.11,5.0,56.35,130.77,Rejected
PRJ-0284,20,100,138.3,66.08,133.46,135.64,50.09,104.33,Accepted
PRJ-0285,20,100,110.27,234.0,122.08,106.69,64.59,171.3,Rejected
PRJ-0286,20,100,78.13,8.88,51.24,66.16,30.46,44.91,Accepted
PRJ-0287,20,100,211.33,168.6,213.91,214.17,54.96,124.59,Accepted
PRJ-0288,20,100,219.9,145.14,220.55,229.3,63.67,166.47,Accepted
PRJ-0289,20,100,295.84,360.85,301.17,294.19,84.53,297.47,Rejected
PRJ-0290,20,100,272.72,238.48,267.38,271.66,66.33,180.71,Accepted
PRJ-0291,20,100,168.22,120.73,150.89,158.64,59.52,145.57,Accepted
PRJ-0292,20,100,254.84,219.92,245.51,251.07,75.2,233.43,Accepted
PRJ-0293,20,100,242.15,354.62,257.72,245.22,82.79,284.83,Rejected
PRJ-0294,20,100,103.03,34.3,88.08,100.56,46.21,89.82,Accepted
PRJ-0295,20,100,309.21,230.21,300.83,308.59,71.84,212.5,Accepted
PRJ-0296,20,100,314.26,429.91,337.59,320.65,86.83,314.72,Accepted
PRJ-0297,20,100,106.79,200.73,105.69,96.75,59.53,145.6,Rejected
PRJ-0298,20,100,191.51,261.25,198.41,189.01,73.69,223.89,Rejected
PRJ-0299,20,100,224.24,151.18,212.58,225.4,69.61,199.28,Accepted
PRJ-0300,20,100,140.8,263.64,162.33,146.94,77.56,248.8,Rejected
PRJ-0301,20,100,255.31,176.07,236.23,251.08,74.94,231.77,Accepted
PRJ-0302,20,100,159.3,230.65,176.11,165.49,63.58,165.99,Rejected
PRJ-0303,20,100,201.71,310.74,229.28,209.72,83.57,290.52,Rejected
PRJ-0304,20,100,120.43,46.76,119.01,129.69,36.51,59.56,Accepted
PRJ-0305,20,100,242.21,293.15,242.06,238.14,84.35,296.15,Rejected
PRJ-0306,20,100,133.77,204.17,145.98,138.78,77.43,247.89,Rejected
PRJ-0307,20,100,235.77,321.31,247.38,232.81,90.05,339.67,Rejected
PRJ-0308,20,100,261.79,224.35,244.83,251.42,69.17,196.72,Accepted
PRJ-0309,20,100,164.13,302.75,188.14,171.85,75.84,237.49,Rejected
PRJ-0310,20,100,208.56,178.4,205.0,213.22,39.52,68.03,Accepted
PRJ-0311,20,100,201.56,139.45,205.8,206.82,42.12,76.0,Accepted
PRJ-0312,20,100,129.14,239.49,163.06,144.6,66.9,183.84,Rejected
PRJ-0313,20,100,230.2,330.03,244.4,232.85,80.36,267.75,Rejected
PRJ-0314,20,100,158.17,259.9,180.61,165.6,81.74,277.38,Rejected
PRJ-0315,20,100,124.55,90.12,105.86,114.97,47.87,95.88,Accepted
PRJ-0316,20,100,98.03,190.16,115.93,101.68,72.2,214.7,Rejected
PRJ-0317,20,100,234.89,368.87,248.5,232.14,83.32,288.64,Rejected
PRJ-0318,20,100,83.12,169.35,94.07,79.61,82.98,286.22,Rejected
PRJ-0319,20,100,64.7,140.63,76.25,66.41,67.11,185.05,Rejected
PRJ-0320,20,100,183.19,313.46,203.94,184.2,80.49,268.67,Rejected
PRJ-0321,20,100,5.0,98.69,29.6,11.6,47.45,94.31,Rejected
PRJ-0322,20,100,237.99,301.53,242.09,236.63,78.5,255.07,Rejected
PRJ-0323,20,100,261.3,218.21,253.29,259.76,76.49,241.74,Accepted
PRJ-0324,20,100,163.32,289.26,173.94,157.89,70.33,203.47,Rejected
PRJ-0325,20,100,191.04,244.4,194.49,189.05,87.39,318.96,Rejected
PRJ-0326,20,100,101.88,241.87,110.99,92.2,66.52,181.78,Rejected
PRJ-0327,20,100,199.77,133.22,181.53,190.48,66.0,178.93,Accepted
PRJ-0328,20,100,171.04,92.44,169.41,172.23,48.34,97.63,Accepted
PRJ-0329,20,100,193.28,120.74,175.15,186.66,40.77,71.81,Accepted
PRJ-0330,20,100,354.26,288.87,344.41,352.79,80.26,267.07,Accepted
PRJ-0331,20,100,149.82,111.53,123.07,135.2,52.59,114.43,Accepted
PRJ-0332,20,100,275.49,218.22,266.45,279.35,58.27,139.64,Accepted
PRJ-0333,20,100,123.88,179.08,139.82,128.11,65.31,175.17,Rejected
PRJ-0334,20,100,186.18,139.67,173.84,180.92,55.57,127.28,Accepted
PRJ-0335,20,100,267.79,193.81,256.23,267.64,66.84,183.53,Accepted
PRJ-0336,20,100,187.95,119.35,178.5,188.55,59.59,145.92,Accepted
PRJ-0337,20,100,186.17,246.72,213.83,196.39,78.25,253.35,Rejected
PRJ-0338,20,100,225.36,371.81,248.18,230.77,80.58,269.24,Rejected
PRJ-0339,20,100,83.76,191.52,98.9,86.73,66.7,182.75,Rejected
PRJ-0340,20,100,231.28,334.59,248.12,235.08,82.82,285.09,Rejected
PRJ-0341,20,100,129.31,265.02,153.75,131.2,72.27,215.13,Rejected
PRJ-0342,20,100,188.84,114.14,172.76,183.99,61.02,152.9,Accepted
PRJ-0343,20,100,166.63,132.45,161.8,171.9,50.67,106.64,Accepted
PRJ-0344,20,100,186.65,278.42,202.14,189.89,67.87,189.31,Accepted
PRJ-0345,20,100,164.01,125.9,163.6,166.01,49.06,100.36,Accepted
PRJ-0346,20,100,151.87,290.89,179.89,161.91,65.49,176.13,Rejected
PRJ-0347,20,100,151.06,282.96,170.17,152.93,67.92,189.55,Rejected
PRJ-0348,20,100,236.86,369.02,243.97,230.5,92.12,356.31,Rejected
PRJ-0349,20,100,73.24,26.48,70.3,78.41,33.17,51.08,Accepted
PRJ-0350,20,100,131.34,216.14,139.76,128.38,73.19,220.75,Rejected
PRJ-0351,20,100,191.28,276.51,217.15,202.46,89.23,333.22,Rejected
PRJ-0352,20,100,237.73,201.41,233.22,237.97,63.45,165.32,Accepted
PRJ-0353,20,100,206.43,167.68,200.31,204.64,47.31,93.81,Accepted
PRJ-0354,20,100,187.6,125.46,181.29,187.25,58.97,142.93,Accepted
PRJ-0355,20,100,286.75,255.09,274.68,279.81,66.9,183.84,Accepted
PRJ-0356,20,100,115.77,232.27,139.6,122.32,80.43,268.23,Rejected
PRJ-0357,20,100,163.59,224.69,186.34,173.36,71.15,208.35,Rejected
PRJ-0358,20,100,5.0,93.04,25.27,10.1,39.43,67.76,Rejected
PRJ-0359,20,100,147.11,103.11,142.74,148.75,56.97,133.58,Accepted
PRJ-0360,20,100,200.28,130.04,192.29,201.46,58.47,140.57,Accepted
PRJ-0361,20,100,206.9,133.26,198.96,206.42,50.97,107.82,Accepted
PRJ-0362,20,100,137.42,211.61,146.14,134.46,70.09,202.1,Rejected
PRJ-0363,20,100,148.28,228.01,153.15,147.36,64.71,171.93,Rejected
PRJ-0364,20,100,143.52,252.84,166.7,149.44,80.75,270.46,Rejected
PRJ-0365,20,100,154.05,210.41,169.7,158.71,63.43,165.21,Rejected
PRJ-0366,20,100,246.19,174.73,240.19,248.72,70.21,202.81,Accepted
PRJ-0367,20,100,232.18,186.33,220.59,222.01,67.84,189.15,Accepted
PRJ-0368,20,100,185.68,280.02,204.09,191.29,87.11,316.82,Rejected
PRJ-0369,20,100,289.43,363.17,310.27,299.82,89.18,332.85,Rejected
PRJ-0370,20,100,142.74,80.13,118.1,133.15,50.52,106.03,Accepted
PRJ-0371,20,100,203.42,141.71,204.47,208.5,66.85,183.57,Accepted
PRJ-0372,20,100,153.09,207.65,146.6,144.52,63.42,165.12,Rejected
PRJ-0373,20,100,113.86,224.94,125.46,108.53,58.56,140.99,Rejected
PRJ-0374,20,100,102.69,153.45,109.68,102.32,51.59,110.31,Rejected
PRJ-0375,20,100,113.52,214.79,137.79,120.32,60.36,149.67,Rejected
PRJ-0376,20,100,166.36,278.07,179.42,163.43,70.66,205.45,Rejected
PRJ-0377,20,100,110.62,209.98,129.15,116.45,60.21,148.95,Rejected
PRJ-0378,20,100,117.05,208.15,115.09,105.86,59.01,143.14,Rejected
PRJ-0379,20,100,204.74,133.55,194.29,199.96,69.01,195.78,Accepted
PRJ-0380,20,100,134.03,222.41,147.04,132.92,67.17,185.38,Rejected
PRJ-0381,20,100,65.75,-1.81,49.01,60.92,32.72,50.02,Accepted
PRJ-0382,20,100,170.72,256.92,194.58,180.77,72.68,217.62,Rejected
PRJ-0383,20,100,165.47,276.73,185.86,170.48,63.52,165.66,Accepted
PRJ-0384,20,100,215.5,178.39,205.65,212.95,70.72,205.82,Accepted
PRJ-0385,20,100,153.62,261.34,158.06,148.02,64.5,170.83,Rejected
PRJ-0386,20,100,158.06,85.78,157.72,165.28,35.61,57.17,Accepted
PRJ-0387,20,100,256.07,210.75,250.91,253.34,55.31,126.1,Accepted
PRJ-0388,20,100,245.83,172.95,239.55,249.01,61.01,152.89,Accepted
PRJ-0389,20,100,212.02,163.46,196.83,209.33,62.99,162.88,Accepted
PRJ-0390,20,100,256.59,323.27,272.27,257.74,88.78,329.73,Rejected
PRJ-0391,20,100,124.25,86.53,122.27,125.05,48.41,97.9,Accepted
PRJ-0392,20,100,158.66,215.83,169.92,156.96,65.74,177.51,Rejected
PRJ-0393,20,100,73.19,24.97,78.79,82.21,39.75,68.71,Accepted
PRJ-0394,20,100,190.34,243.1,191.23,186.94,93.37,366.61,Rejected
PRJ-0395,20,100,182.14,235.23,188.02,180.4,73.19,220.8,Rejected
PRJ-0396,20,100,115.64,40.64,96.4,105.77,48.53,98.32,Accepted
PRJ-0397,20,100,165.79,314.19,194.08,173.67,75.45,235.04,Rejected
PRJ-0398,20,100,36.25,101.67,35.55,32.61,41.91,75.34,Rejected
PRJ-0399,20,100,347.66,295.63,344.93,351.57,90.99,347.16,Accepted
PRJ-0400,20,100,85.88,232.53,98.59,79.0,49.05,100.31,Rejected
PRJ-0401,20,100,158.43,106.23,148.55,153.95,35.31,56.4,Accepted
PRJ-0402,20,100,301.51,243.04,299.08,305.13,61.92,157.44,Accepted
PRJ-0403,20,100,163.6,109.83,153.39,160.66,46.56,91.06,Accepted
PRJ-0404,20,100,140.29,66.79,140.75,146.47,42.13,76.06,Accepted
PRJ-0405,20,100,151.82,229.4,162.27,152.68,69.62,199.34,Rejected
PRJ-0406,20,100,93.28,229.63,116.03,95.88,63.13,163.63,Rejected
PRJ-0407,20,100,194.84,126.75,177.76,188.03,38.4,64.8,Accepted
PRJ-0408,20,100,28.31,164.87,56.0,40.79,68.61,193.49,Rejected
PRJ-0409,20,100,182.65,123.97,179.41,186.45,64.18,169.11,Accepted
PRJ-0410,20,100,186.21,287.25,206.95,189.91,82.49,282.69,Rejected
PRJ-0411,20,100,196.39,315.17,211.82,196.25,74.84,231.11,Rejected
PRJ-0412,20,100,258.77,344.64,265.84,255.41,79.28,260.33,Rejected
PRJ-0413,20,100,201.82,157.09,201.29,207.24,55.6,127.39,Accepted
PRJ-0414,20,100,223.85,155.4,211.39,223.07,72.73,217.91,Accepted
PRJ-0415,20,100,241.6,300.46,257.99,247.23,82.83,285.18,Rejected
PRJ-0416,20,100,143.41,110.11,123.29,130.53,52.7,114.89,Accepted
PRJ-0417,20,100,127.13,93.28,117.18,119.13,53.11,116.64,Accepted
PRJ-0418,20,100,206.47,263.76,214.98,206.53,86.83,314.65,Rejected
PRJ-0419,20,100,77.83,7.66,59.17,70.67,40.89,72.16,Rejected
PRJ-0420,20,100,204.86,151.04,199.68,205.15,62.68,161.29,Accepted
PRJ-0421,20,100,109.8,195.58,124.53,111.84,74.53,229.16,Rejected
PRJ-0422,20,100,164.03,111.56,162.2,166.79,52.18,112.75,Accepted
PRJ-0423,20,100,289.95,364.14,298.81,290.03,92.01,355.41,Rejected
PRJ-0424,20,100,223.34,325.35,247.63,229.88,77.65,249.37,Rejected
PRJ-0425,20,100,147.06,225.48,148.12,141.99,70.89,206.79,Rejected
PRJ-0426,20,100,119.2,196.82,128.9,117.28,70.03,201.72,Rejected
PRJ-0427,20,100,167.46,121.64,158.07,167.81,60.08,148.3,Accepted
PRJ-0428,20,100,112.98,194.31,124.62,115.43,60.91,152.35,Rejected
PRJ-0429,20,100,185.7,273.44,200.81,189.9,68.94,195.39,Rejected
PRJ-0430,20,100,284.13,218.94,271.48,286.06,64.02,168.26,Accepted
PRJ-0431,20,100,267.23,222.33,261.97,267.81,79.48,261.7,Accepted
PRJ-0432,20,100,155.41,241.41,167.72,154.81,68.05,190.31,Rejected
PRJ-0433,20,100,203.09,162.64,178.55,188.84,65.01,173.53,Accepted
PRJ-0434,20,100,44.09,179.12,66.44,49.86,43.93,81.94,Rejected
PRJ-0435,20,100,115.47,187.04,129.13,120.53,74.33,227.91,Rejected
PRJ-0436,20,100,289.35,226.77,275.04,284.08,79.56,262.27,Accepted
PRJ-0437,20,100,211.05,145.38,207.19,210.48,51.96,111.82,Accepted
PRJ-0438,20,100,163.3,219.11,160.34,155.4,67.88,189.38,Rejected
PRJ-0439,20,100,107.97,159.44,115.02,110.09,65.61,176.8,Rejected
PRJ-0440,20,100,57.79,148.22,54.81,49.16,42.12,76.02,Rejected
PRJ-0441,20,100,277.08,423.43,297.39,277.62,100.0,423.88,Rejected
PRJ-0442,20,100,234.46,361.75,252.64,238.05,95.27,382.52,Rejected
PRJ-0443,20,100,180.02,242.04,195.06,185.54,71.58,210.93,Rejected
PRJ-0444,20,100,148.95,236.12,156.53,141.14,79.71,263.29,Rejected
PRJ-0445,20,100,174.5,302.54,195.73,177.36,67.47,187.05,Rejected
PRJ-0446,20,100,49.44,8.03,40.86,46.69,30.9,45.86,Accepted
PRJ-0447,20,100,65.62,121.41,83.39,70.82,63.45,165.3,Rejected
PRJ-0448,20,100,184.6,257.14,190.91,182.31,73.06,219.95,Rejected
PRJ-0449,20,100,137.81,245.64,161.49,146.37,59.37,144.86,Accepted
PRJ-0450,20,100,153.62,271.03,176.48,154.23,69.89,200.88,Rejected
PRJ-0451,20,100,69.65,166.65,86.24,71.12,52.84,115.47,Rejected
PRJ-0452,20,100,213.11,135.21,196.95,207.01,69.95,201.27,Accepted
PRJ-0453,20,100,134.68,100.87,136.22,143.27,40.89,72.15,Accepted
PRJ-0454,20,100,152.66,245.94,162.4,157.09,77.62,249.19,Rejected
PRJ-0455,20,100,112.55,34.52,102.99,111.78,43.64,80.97,Accepted
PRJ-0456,20,100,188.21,128.53,168.17,180.47,65.72,177.37,Accepted
PRJ-0457,20,100,132.4,258.13,152.76,135.62,67.85,189.16,Rejected
PRJ-0458,20,100,90.11,204.17,109.08,89.74,63.73,166.74,Rejected
PRJ-0459,20,100,169.52,114.58,168.24,176.66,50.65,106.57,Accepted
PRJ-0460,20,100,171.25,243.46,176.51,170.62,74.28,227.56,Rejected
PRJ-0461,20,100,163.7,256.57,177.7,163.44,78.23,253.27,Rejected
PRJ-0462,20,100,137.27,216.16,148.55,135.67,64.7,171.9,Rejected
PRJ-0463,20,100,176.22,265.47,195.42,178.57,76.16,239.61,Rejected
PRJ-0464,20,100,182.71,268.42,199.42,185.93,68.71,194.09,Rejected
PRJ-0465,20,100,195.95,133.12,185.48,189.54,54.73,123.57,Accepted
PRJ-0466,20,100,111.97,165.86,115.28,105.89,54.35,121.91,Rejected
PRJ-0467,20,100,197.19,145.36,193.27,199.03,58.89,142.57,Accepted
PRJ-0468,20,100,339.88,292.23,335.87,338.97,73.24,221.07,Accepted
PRJ-0469,20,100,217.19,162.32,217.61,220.99,62.16,158.67,Accepted
PRJ-0470,20,100,98.51,234.02,110.89,94.12,71.14,208.28,Rejected
PRJ-0471,20,100,108.62,62.01,105.48,111.39,25.94,36.0,Accepted
PRJ-0472,20,100,239.44,377.02,259.52,238.01,80.56,269.1,Rejected
PRJ-0473,20,100,138.16,101.76,130.57,135.3,38.32,64.56,Accepted
PRJ-0474,20,100,32.13,112.53,35.68,26.4,75.35,234.39,Rejected
PRJ-0475,20,100,116.42,208.68,135.2,121.8,75.19,233.35,Rejected
PRJ-0476,20,100,66.42,134.58,82.93,72.81,49.07,100.37,Rejected
PRJ-0477,20,100,173.06,282.12,196.01,176.16,76.75,243.44,Rejected
PRJ-0478,20,100,164.56,126.19,166.96,173.36,56.02,129.29,Accepted
PRJ-0479,20,100,262.39,217.56,248.76,259.91,71.28,209.12,Accepted
PRJ-0480,20,100,241.4,342.29,250.91,239.46,79.56,262.21,Rejected
PRJ-0481,20,100,172.39,293.82,197.67,178.87,74.1,226.45,Rejected
PRJ-0482,20,100,184.58,320.75,214.09,193.77,77.24,246.66,Rejected
PRJ-0483,20,100,152.62,236.18,156.73,147.43,77.58,248.93,Rejected
PRJ-0484,20,100,251.83,351.45,269.36,255.92,80.87,271.31,Rejected
PRJ-0485,20,100,114.3,65.08,114.27,119.63,48.62,98.69,Accepted
PRJ-0486,20,100,192.66,121.8,178.54,192.09,64.1,168.68,Accepted
PRJ-0487,20,100,183.5,305.35,197.84,182.63,72.51,216.59,Rejected
PRJ-0488,20,100,176.72,126.89,178.36,181.8,61.43,154.97,Accepted
PRJ-0489,20,100,102.3,219.58,119.8,105.28,57.82,137.5,Rejected
PRJ-0490,20,100,195.79,124.15,200.27,206.26,55.26,125.89,Accepted
PRJ-0491,20,100,165.63,120.29,155.51,158.67,59.46,145.29,Accepted
PRJ-0492,20,100,109.84,200.29,122.15,113.3,83.75,291.77,Rejected
PRJ-0493,20,100,50.09,105.75,62.23,49.76,56.96,133.55,Rejected
PRJ-0494,20,100,172.4,285.63,200.77,183.4,73.12,220.31,Rejected
PRJ-0495,20,100,77.72,155.51,89.61,77.54,59.6,145.97,Rejected
PRJ-0496,20,100,53.2,200.27,71.41,49.1,57.39,135.53,Rejected
PRJ-0497,20,100,105.33,197.6,128.27,113.56,61.54,155.54,Rejected
PRJ-0498,20,100,37.4,135.71,45.48,32.59,48.38,97.75,Rejected
PRJ-0499,20,100,81.87,192.24,99.52,84.13,51.17,108.64,Rejected
PRJ-0500,20,100,175.89,114.71,162.48,173.49,63.75,166.86,Accepted
PRJ-0501,20,100,181.7,116.36,167.64,180.87,45.51,87.33,Accepted
PRJ-0502,20,100,180.04,106.73,161.96,177.18,41.38,73.67,Accepted
PRJ-0503,20,100,202.33,322.44,213.65,200.95,73.27,221.28,Rejected
PRJ-0504,20,100,245.38,202.72,237.59,244.31,52.03,112.14,Accepted
PRJ-0505,20,100,178.71,247.57,190.69,183.28,73.58,223.2,Rejected
PRJ-0506,20,100,135.21,83.5,129.62,136.69,52.03,112.15,Accepted
PRJ-0507,20,100,58.81,172.58,89.85,72.18,58.45,140.46,Rejected
PRJ-0508,20,100,130.41,181.78,142.69,134.36,77.11,245.82,Rejected
PRJ-0509,20,100,104.41,160.66,104.88,98.23,53.24,117.18,Rejected
PRJ-0510,20,100,194.99,253.1,214.94,205.94,90.58,343.86,Rejected
PRJ-0511,20,100,208.81,278.84,224.02,212.28,72.5,216.5,Rejected
PRJ-0512,20,100,246.14,302.99,265.44,252.97,86.26,310.34,Rejected
PRJ-0513,20,100,172.89,249.78,202.09,186.09,75.25,233.73,Rejected
PRJ-0514,20,100,172.7,268.14,194.46,180.64,77.16,246.1,Rejected
PRJ-0515,20,100,172.43,120.31,172.96,174.83,44.92,85.3,Accepted
PRJ-0516,20,100,192.59,244.78,188.22,185.24,73.07,220.06,Rejected
PRJ-0517,20,100,52.51,195.22,69.73,51.65,65.38,175.54,Rejected
PRJ-0518,20,100,151.24,227.26,162.22,156.41,68.78,194.48,Rejected
PRJ-0519,20,100,142.68,274.09,167.0,148.61,60.82,151.91,Rejected
PRJ-0520,20,100,168.05,125.55,151.7,159.54,54.58,122.93,Accepted
PRJ-0521,20,100,304.68,437.54,312.28,295.77,100.0,423.88,Rejected
PRJ-0522,20,100,209.29,154.01,189.1,199.25,54.98,124.65,Accepted
PRJ-0523,20,100,109.71,179.1,138.6,120.9,61.55,155.59,Rejected
PRJ-0524,20,100,229.1,161.68,220.54,229.72,71.27,209.05,Accepted
PRJ-0525,20,100,154.67,222.6,160.84,154.44,95.85,387.46,Rejected
PRJ-0526,20,100,183.63,145.56,188.75,189.41,49.44,101.83,Accepted
PRJ-0527,20,100,72.33,174.25,85.06,71.41,54.36,121.94,Rejected
PRJ-0528,20,100,164.72,123.01,154.43,161.72,43.74,81.29,Accepted
PRJ-0529,20,100,319.88,262.84,294.89,306.2,80.32,267.47,Accepted
PRJ-0530,20,100,259.63,350.83,265.53,256.34,81.29,274.21,Rejected
PRJ-0531,20,100,231.31,171.03,219.48,226.51,69.92,201.07,Accepted
PRJ-0532,20,100,110.57,181.19,117.73,110.57,59.96,147.72,Rejected
PRJ-0533,20,100,176.1,268.03,181.32,172.49,77.88,250.88,Rejected
PRJ-0534,20,100,119.87,238.73,150.04,133.13,64.31,169.84,Rejected
PRJ-0535,20,100,280.09,207.93,272.81,282.27,69.21,196.95,Accepted
PRJ-0536,20,100,99.47,60.3,101.4,102.67,33.71,52.39,Accepted
PRJ-0537,20,100,141.59,66.5,131.6,144.79,53.0,116.15,Accepted
PRJ-0538,20,100,216.0,182.67,212.88,217.99,60.86,152.15,Accepted
PRJ-0539,20,100,163.3,111.62,156.49,166.46,55.9,128.73,Accepted
PRJ-0540,20,100,96.57,153.45,92.2,86.84,48.83,99.48,Rejected
PRJ-0541,20,100,18.34,139.21,47.03,27.67,55.93,128.86,Rejected
PRJ-0542,20,100,287.97,254.64,292.92,293.73,61.87,157.16,Accepted
PRJ-0543,20,100,266.7,196.55,263.2,271.65,71.86,212.63,Accepted
PRJ-0544,20,100,139.54,72.43,142.12,148.56,47.84,95.73,Accepted
PRJ-0545,20,100,126.27,267.09,151.13,130.51,58.35,140.01,Rejected
PRJ-0546,20,100,268.12,209.18,263.69,271.99,73.12,220.35,Accepted
PRJ-0547,20,100,163.0,119.45,161.04,169.82,49.51,102.09,Accepted
PRJ-0548,20,100,89.5,181.98,96.78,84.86,55.55,127.15,Rejected
PRJ-0549,20,100,221.56,150.47,217.06,221.78,65.23,174.75,Accepted
PRJ-0550,20,100,232.73,309.14,240.61,234.02,81.63,276.58,Rejected
PRJ-0551,20,100,204.83,165.29,189.71,196.34,67.58,187.65,Accepted
PRJ-0552,20,100,181.71,118.61,170.99,176.36,49.8,103.21,Accepted
PRJ-0553,20,100,219.45,278.29,229.5,218.87,73.28,221.36,Rejected
PRJ-0554,20,100,227.45,184.47,219.11,224.77,50.76,106.98,Accepted
PRJ-0555,20,100,82.55,164.86,93.63,82.95,70.24,202.99,Rejected
PRJ-0556,20,100,167.57,275.24,186.07,168.7,75.06,232.52,Rejected
PRJ-0557,20,100,224.18,276.42,227.25,219.44,76.35,240.84,Rejected
PRJ-0558,20,100,163.95,279.38,179.21,159.22,83.22,287.97,Rejected
PRJ-0559,20,100,263.53,205.36,262.61,268.2,74.33,227.89,Accepted
PRJ-0560,20,100,212.94,362.0,251.14,227.36,79.5,261.84,Rejected
PRJ-0561,20,100,251.32,209.87,251.63,252.28,59.73,146.58,Accepted
PRJ-0562,20,100,195.55,298.32,213.65,197.51,75.55,235.68,Rejected
PRJ-0563,20,100,237.0,184.26,227.91,234.26,74.38,228.22,Accepted
PRJ-0564,20,100,269.38,336.12,280.25,272.0,82.84,285.24,Rejected
PRJ-0565,20,100,220.21,297.74,243.18,229.82,94.44,375.51,Rejected
PRJ-0566,20,100,116.59,237.11,132.99,113.72,71.06,207.84,Rejected
PRJ-0567,20,100,188.79,240.71,197.54,188.96,94.81,378.6,Rejected
PRJ-0568,20,100,260.98,190.83,256.2,265.62,72.85,218.65,Accepted
PRJ-0569,20,100,201.66,163.98,186.01,189.17,65.65,177.01,Accepted
PRJ-0570,20,100,154.65,95.01,150.79,157.2,40.18,70.0,Accepted
PRJ-0571,20,100,145.37,111.14,137.29,143.23,58.01,138.41,Accepted
PRJ-0572,20,100,207.83,278.95,224.37,212.62,78.97,258.25,Rejected
PRJ-0573,20,100,135.74,285.46,157.32,139.15,74.44,228.6,Rejected
PRJ-0574,20,100,179.28,235.52,190.87,184.72,69.33,197.65,Rejected
PRJ-0575,20,100,141.27,107.72,131.09,137.59,57.25,134.88,Accepted
PRJ-0576,20,100,106.9,167.0,108.91,99.14,55.11,125.21,Rejected
PRJ-0577,20,100,145.59,223.43,159.94,147.67,61.16,153.6,Rejected
PRJ-0578,20,100,213.57,177.09,200.23,206.25,55.81,128.33,Accepted
PRJ-0579,20,100,68.44,139.49,78.71,67.75,53.45,118.06,Rejected
PRJ-0580,20,100,176.68,138.93,171.6,178.94,59.31,144.56,Accepted
PRJ-0581,20,100,115.25,245.63,125.95,113.29,64.53,170.97,Rejected
PRJ-0582,20,100,109.6,222.0,122.78,105.67,68.55,193.14,Rejected
PRJ-0583,20,100,57.85,138.49,64.68,55.6,63.57,165.91,Rejected
PRJ-0584,20,100,5.0,121.72,34.12,13.92,47.21,93.43,Rejected
PRJ-0585,20,100,202.14,336.15,211.96,198.96,72.23,214.89,Rejected
PRJ-0586,20,100,105.06,50.43,101.95,111.76,47.23,93.52,Accepted
PRJ-0587,20,100,196.95,287.63,211.44,200.87,83.7,291.46,Rejected
PRJ-0588,20,100,34.94,104.58,45.85,34.6,57.11,134.21,Rejected
PRJ-0589,20,100,315.97,388.95,333.17,325.97,93.56,368.19,Rejected
PRJ-0590,20,100,162.22,103.67,152.95,159.0,33.55,51.99,Accepted
PRJ-0591,20,100,100.86,233.44,115.54,97.78,56.17,129.93,Rejected
PRJ-0592,20,100,165.82,230.12,178.35,168.22,70.71,205.72,Rejected
PRJ-0593,20,100,169.09,274.77,181.23,166.25,83.27,288.31,Rejected
PRJ-0594,20,100,205.94,277.99,212.57,205.78,71.02,207.61,Rejected
PRJ-0595,20,100,159.56,209.63,159.03,153.49,71.13,208.24,Rejected
PRJ-0596,20,100,197.51,262.71,215.82,206.38,69.44,198.3,Accepted
PRJ-0597,20,100,75.57,-0.46,58.61,71.7,33.69,52.34,Accepted
PRJ-0598,20,100,105.31,201.94,124.92,108.88,55.16,125.44,Rejected
PRJ-0599,20,100,178.08,118.23,157.17,163.73,55.9,128.72,Accepted
PRJ-0600,20,100,176.71,277.77,183.27,171.49,82.57,283.32,Rejected
PRJ-0601,20,100,200.67,255.69,234.13,216.24,76.52,241.95,Rejected
PRJ-0602,20,100,137.79,203.86,150.29,143.04,65.85,178.06,Rejected
PRJ-0603,20,100,140.32,251.15,157.07,140.01,64.32,169.85,Rejected
PRJ-0604,20,100,112.23,201.44,126.66,116.93,52.78,115.24,Accepted
PRJ-0605,20,100,174.05,110.18,166.64,172.65,56.97,133.58,Accepted
PRJ-0606,20,100,193.89,245.8,198.6,191.06,76.14,239.48,Rejected
PRJ-0607,20,100,247.4,200.15,242.45,246.18,66.47,181.49,Accepted
PRJ-0608,20,100,192.4,310.25,203.56,191.9,72.58,217.02,Rejected
PRJ-0609,20,100,163.13,241.3,177.7,163.12,78.04,251.95,Rejected
PRJ-0610,20,100,256.07,313.96,253.54,247.7,79.87,264.36,Rejected
PRJ-0611,20,100,99.19,22.41,88.11,101.28,40.41,70.69,Accepted
PRJ-0612,20,100,85.07,231.88,105.32,82.71,57.97,138.22,Rejected
PRJ-0613,20,100,5.0,121.19,12.04,5.0,66.28,180.43,Rejected
PRJ-0614,20,100,238.23,369.97,261.8,243.92,77.37,247.52,Rejected
PRJ-0615,20,100,246.22,171.44,236.61,248.8,50.77,107.01,Accepted
PRJ-0616,20,100,195.34,155.81,191.37,193.08,60.95,152.56,Accepted
PRJ-0617,20,100,89.32,151.31,101.04,94.5,57.07,134.02,Rejected
PRJ-0618,20,100,275.95,230.95,257.89,269.2,68.44,192.53,Accepted
PRJ-0619,20,100,249.29,202.09,245.81,253.17,44.48,83.78,Accepted
PRJ-0620,20,100,265.1,190.18,264.92,275.38,77.78,250.25,Accepted
PRJ-0621,20,100,64.72,172.4,81.03,65.57,40.18,70.0,Rejected
PRJ-0622,20,100,133.41,66.47,119.78,131.18,49.58,102.34,Accepted
PRJ-0623,20,100,156.21,223.46,163.67,152.95,66.08,179.34,Rejected
PRJ-0624,20,100,154.84,107.46,150.22,155.53,38.84,66.04,Accepted
PRJ-0625,20,100,269.09,226.45,256.49,266.77,58.8,142.1,Accepted
PRJ-0626,20,100,178.35,124.48,174.27,181.11,37.02,60.93,Accepted
PRJ-0627,20,100,48.42,119.33,63.39,49.95,45.69,87.99,Rejected
PRJ-0628,20,100,114.07,186.2,128.51,120.03,63.98,168.05,Rejected
PRJ-0629,20,100,171.62,267.53,191.59,174.53,83.0,286.4,Rejected
PRJ-0630,20,100,166.88,220.15,187.71,175.27,71.16,208.43,Rejected
PRJ-0631,20,100,60.32,-18.24,44.12,58.32,27.68,39.22,Accepted
PRJ-0632,20,100,243.48,305.11,248.05,241.21,90.85,346.07,Rejected
PRJ-0633,20,100,192.89,278.36,205.15,191.91,74.15,226.78,Rejected
PRJ-0634,20,100,176.63,116.04,171.41,179.18,32.22,48.84,Accepted
PRJ-0635,20,100,87.4,36.74,74.16,83.06,44.42,83.61,Rejected
PRJ-0636,20,100,275.44,343.62,281.06,273.2,82.36,281.79,Rejected
PRJ-0637,20,100,155.6,222.42,162.14,154.15,69.76,200.16,Rejected
PRJ-0638,20,100,232.22,165.65,212.83,226.48,67.3,186.07,Accepted
PRJ-0639,20,100,214.65,147.03,210.59,213.9,68.38,192.18,Accepted
PRJ-0640,20,100,241.78,374.23,263.92,248.66,94.85,378.96,Rejected
PRJ-0641,20,100,158.41,251.54,177.12,165.1,68.51,192.93,Rejected
PRJ-0642,20,100,173.97,272.37,188.02,176.31,75.98,238.45,Rejected
PRJ-0643,20,100,122.94,90.97,116.79,117.07,35.73,57.5,Accepted
PRJ-0644,20,100,166.18,296.72,182.94,169.43,87.61,320.67,Rejected
PRJ-0645,20,100,198.29,118.78,189.2,197.15,63.06,163.25,Accepted
PRJ-0646,20,100,148.8,210.84,168.8,158.62,66.1,179.46,Rejected
PRJ-0647,20,100,166.43,115.57,149.05,161.81,45.6,87.67,Accepted
PRJ-0648,20,100,137.84,277.64,160.81,144.3,60.08,148.3,Rejected
PRJ-0649,20,100,116.41,182.71,139.69,127.09,62.09,158.28,Rejected
PRJ-0650,20,100,126.47,180.41,132.0,124.06,59.4,144.97,Rejected
PRJ-0651,20,100,194.55,163.98,187.73,193.22,36.36,59.15,Accepted
PRJ-0652,20,100,209.01,159.12,198.81,207.29,54.85,124.09,Accepted
PRJ-0653,20,100,194.7,151.12,185.13,195.12,65.62,176.83,Accepted
PRJ-0654,20,100,207.28,155.97,197.95,204.21,61.37,154.69,Accepted
PRJ-0655,20,100,206.87,338.6,220.06,202.78,71.48,210.37,Rejected
PRJ-0656,20,100,76.79,44.23,69.46,76.92,35.22,56.16,Accepted
PRJ-0657,20,100,66.02,9.52,44.38,55.56,21.4,28.75,Accepted
PRJ-0658,20,100,102.64,168.03,118.72,108.32,68.78,194.49,Rejected
PRJ-0659,20,100,112.93,230.9,116.36,103.34,58.11,138.88,Rejected
PRJ-0660,20,100,157.76,233.74,164.04,157.14,88.52,327.64,Rejected
PRJ-0661,20,100,94.79,212.03,104.6,87.89,49.97,103.86,Rejected
PRJ-0662,20,100,239.33,201.51,239.53,241.13,72.75,218.05,Accepted
PRJ-0663,20,100,225.77,191.71,222.13,223.06,53.3,117.41,Accepted
PRJ-0664,20,100,250.27,205.8,248.36,255.18,74.08,226.31,Accepted
PRJ-0665,20,100,191.55,274.57,187.73,179.51,99.22,416.93,Rejected
PRJ-0666,20,100,210.49,316.11,232.6,217.42,82.17,280.43,Rejected
PRJ-0667,20,100,100.67,237.22,123.62,101.35,50.72,106.81,Rejected
PRJ-0668,20,100,208.45,148.29,212.49,217.31,58.2,139.3,Accepted
PRJ-0669,20,100,293.77,225.34,274.97,284.07,76.03,238.78,Accepted
PRJ-0670,20,100,124.44,249.15,137.26,124.16,75.93,238.12,Rejected
PRJ-0671,20,100,115.39,213.24,134.81,116.72,69.26,197.22,Rejected
PRJ-0672,20,100,193.37,159.29,187.09,191.55,61.86,157.16,Accepted
PRJ-0673,20,100,252.77,207.98,243.03,247.29,48.94,99.88,Accepted
PRJ-0674,20,100,177.54,277.57,209.53,192.06,68.29,191.66,Accepted
PRJ-0675,20,100,185.47,148.31,183.97,186.84,39.97,69.38,Accepted
PRJ-0676,20,100,202.26,127.25,198.66,210.68,50.03,104.12,Accepted
PRJ-0677,20,100,247.73,202.94,243.1,249.38,74.58,229.47,Accepted
PRJ-0678,20,100,116.36,167.98,138.45,127.87,74.79,230.8,Rejected
PRJ-0679,20,100,212.94,165.8,219.68,221.71,51.43,109.69,Accepted
PRJ-0680,20,100,163.7,94.71,154.4,167.63,53.6,118.68,Accepted
PRJ-0681,20,100,223.59,145.71,216.51,228.39,51.26,108.98,Accepted
PRJ-0682,20,100,349.39,300.39,337.31,346.59,74.13,226.61,Accepted
PRJ-0683,20,100,215.04,169.3,205.84,212.44,41.58,74.3,Accepted
PRJ-0684,20,100,182.63,102.86,174.69,186.83,64.53,170.96,Accepted
PRJ-0685,20,100,221.76,312.03,224.93,213.86,84.15,294.74,Rejected
PRJ-0686,20,100,268.07,381.31,280.09,264.43,83.09,287.01,Rejected
PRJ-0687,20,100,111.3,236.65,140.05,120.88,68.25,191.44,Rejected
PRJ-0688,20,100,232.0,192.67,237.16,239.56,65.0,173.48,Accepted
PRJ-0689,20,100,162.44,224.99,173.14,162.84,96.29,391.25,Rejected
PRJ-0690,20,100,191.47,247.17,197.56,188.55,100.0,423.88,Rejected
PRJ-0691,20,100,118.05,231.83,131.63,113.22,67.94,189.7,Rejected
PRJ-0692,20,100,219.05,330.41,226.55,212.97,94.56,376.56,Rejected
PRJ-0693,20,100,244.37,340.99,255.36,247.15,88.85,330.22,Rejected
PRJ-0694,20,100,127.95,269.09,147.39,123.09,73.98,225.7,Rejected
PRJ-0695,20,100,213.09,145.28,209.55,213.45,49.6,102.45,Accepted
PRJ-0696,20,100,35.37,182.31,52.25,34.64,31.16,46.43,Rejected
PRJ-0697,20,100,141.03,102.93,122.8,134.06,56.09,129.6,Accepted
PRJ-0698,20,100,70.09,-4.08,54.51,64.46,34.03,53.16,Accepted
PRJ-0699,20,100,37.24,152.06,63.88,41.64,38.09,63.91,Rejected
PRJ-0700,20,100,202.31,143.22,198.14,210.72,67.59,187.7,Accepted
PRJ-0701,20,100,60.13,126.39,63.37,56.43,39.76,68.75,Rejected
PRJ-0702,20,100,184.9,125.13,172.11,182.43,52.39,113.63,Accepted
PRJ-0703,20,100,234.36,177.34,226.02,236.82,68.19,191.1,Accepted
PRJ-0704,20,100,122.84,202.48,138.95,125.37,66.86,183.63,Rejected
PRJ-0705,20,100,160.46,218.52,167.27,165.24,63.89,167.6,Rejected
PRJ-0706,20,100,218.5,331.51,230.31,216.74,83.04,286.64,Rejected
PRJ-0707,20,100,214.45,276.89,223.86,215.63,72.37,215.74,Rejected
PRJ-0708,20,100,133.3,234.93,145.25,132.28,73.39,222.03,Rejected
PRJ-0709,20,100,192.99,323.95,224.19,200.0,75.23,233.61,Rejected
PRJ-0710,20,100,201.73,139.53,185.41,196.84,56.15,129.86,Accepted
PRJ-0711,20,100,143.33,94.16,139.93,147.21,56.75,132.57,Accepted
PRJ-0712,20,100,72.11,157.42,93.22,78.35,60.6,150.84,Rejected
PRJ-0713,20,100,256.89,187.67,254.56,261.73,68.79,194.53,Accepted
PRJ-0714,20,100,230.72,170.47,225.31,232.21,42.18,76.2,Accepted
PRJ-0715,20,100,105.91,161.87,111.88,101.76,73.61,223.35,Rejected
PRJ-0716,20,100,238.06,354.72,251.34,232.88,86.01,308.46,Rejected
PRJ-0717,20,100,115.69,185.92,122.48,113.35,63.33,164.66,Rejected
PRJ-0718,20,100,144.32,90.15,122.13,136.9,56.93,133.38,Accepted
PRJ-0719,20,100,173.82,230.02,175.28,170.66,81.33,274.51,Rejected
PRJ-0720,20,100,126.34,232.13,146.57,132.46,66.9,183.85,Rejected
PRJ-0721,20,100,91.53,236.13,112.67,91.61,67.63,187.94,Rejected
PRJ-0722,20,100,203.08,155.18,191.29,195.77,57.68,136.86,Accepted
PRJ-0723,20,100,67.06,158.14,92.79,77.58,79.67,262.97,Rejected
PRJ-0724,20,100,76.29,9.86,69.73,77.75,25.39,35.03,Accepted
PRJ-0725,20,100,46.18,114.08,54.02,44.74,51.13,108.48,Rejected
PRJ-0726,20,100,246.17,170.05,246.06,247.82,74.31,227.77,Accepted
PRJ-0727,20,100,140.65,289.91,163.12,145.33,62.25,159.12,Rejected
PRJ-0728,20,100,159.68,249.61,175.13,160.34,72.54,216.78,Rejected
PRJ-0729,20,100,172.06,255.48,183.0,173.38,69.84,200.64,Rejected
PRJ-0730,20,100,247.99,177.78,243.06,253.49,56.69,132.3,Accepted
PRJ-0731,20,100,170.98,120.85,154.32,168.9,53.07,116.44,Accepted
PRJ-0732,20,100,171.62,261.22,181.38,171.59,67.36,186.42,Rejected
PRJ-0733,20,100,80.86,172.7,106.4,87.65,56.27,130.41,Rejected
PRJ-0734,20,100,93.9,191.07,106.22,90.54,82.14,280.23,Rejected
PRJ-0735,20,100,319.25,371.77,324.46,320.14,96.44,392.51,Rejected
PRJ-0736,20,100,162.08,281.58,177.34,157.56,83.07,286.87,Rejected
PRJ-0737,20,100,222.95,321.77,248.81,231.76,85.65,305.78,Rejected
PRJ-0738,20,100,119.53,220.91,131.78,123.74,59.03,143.21,Rejected
PRJ-0739,20,100,115.38,76.66,112.39,118.21,37.4,61.98,Accepted
PRJ-0740,20,100,139.23,88.86,147.17,149.37,51.63,110.5,Accepted
PRJ-0741,20,100,195.98,335.04,224.03,201.9,79.38,260.98,Rejected
PRJ-0742,20,100,224.33,365.64,247.96,231.21,83.8,292.13,Rejected
PRJ-0743,20,100,149.93,107.58,137.04,143.75,45.95,88.89,Accepted
PRJ-0744,20,100,71.02,182.56,93.87,71.36,72.84,218.6,Rejected
PRJ-0745,20,100,91.31,181.34,97.05,86.18,66.07,179.28,Rejected
PRJ-0746,20,100,274.05,380.51,295.67,277.91,85.05,301.36,Rejected
PRJ-0747,20,100,269.79,407.76,293.36,270.18,83.89,292.8,Rejected
PRJ-0748,20,100,186.58,113.63,171.91,182.56,60.85,152.08,Accepted
PRJ-0749,20,100,222.39,348.39,239.08,224.54,95.75,386.59,Rejected
PRJ-0750,20,100,43.66,124.0,58.65,47.55,52.9,115.73,Rejected
PRJ-0751,20,100,229.79,346.96,242.45,225.71,75.39,234.64,Rejected
PRJ-0752,20,100,278.69,233.08,263.15,273.57,72.97,219.39,Accepted
PRJ-0753,20,100,161.37,251.9,176.82,161.1,93.47,367.4,Rejected
PRJ-0754,20,100,106.2,193.23,120.07,107.82,52.5,114.07,Rejected
PRJ-0755,20,100,194.39,340.02,217.35,195.58,71.32,209.4,Rejected
PRJ-0756,20,100,56.86,117.76,61.55,55.01,42.38,76.84,Rejected
PRJ-0757,20,100,78.26,158.51,92.41,80.91,52.83,115.47,Rejected
PRJ-0758,20,100,177.14,113.01,169.45,178.41,56.53,131.55,Accepted
PRJ-0759,20,100,42.01,104.0,65.1,50.54,65.11,174.07,Rejected
PRJ-0760,20,100,156.81,273.05,175.87,158.54,79.85,264.21,Rejected
PRJ-0761,20,100,222.17,358.02,244.12,224.03,75.97,238.36,Rejected
PRJ-0762,20,100,134.53,209.77,155.47,142.77,71.03,207.64,Rejected
PRJ-0763,20,100,169.63,115.85,160.9,168.91,64.03,168.33,Accepted
PRJ-0764,20,100,220.53,163.08,211.01,220.35,59.74,146.63,Accepted
PRJ-0765,20,100,132.25,228.34,156.33,145.04,74.05,226.11,Rejected
PRJ-0766,20,100,199.9,333.78,219.94,199.67,70.68,205.58,Rejected
PRJ-0767,20,100,263.33,385.87,282.66,267.4,83.27,288.34,Rejected
PRJ-0768,20,100,105.35,218.48,123.68,107.43,61.69,156.25,Rejected
PRJ-0769,20,100,92.04,219.59,112.57,93.72,51.26,108.98,Rejected
PRJ-0770,20,100,121.21,42.42,107.89,119.66,49.66,102.67,Accepted
PRJ-0771,20,100,49.28,143.35,51.51,44.54,43.46,80.38,Rejected
PRJ-0772,20,100,230.28,151.15,214.86,224.54,65.23,174.72,Accepted
PRJ-0773,20,100,155.72,247.24,182.9,166.58,62.28,159.26,Accepted
PRJ-0774,20,100,181.86,296.74,197.85,183.7,85.99,308.34,Rejected
PRJ-0775,20,100,5.0,106.29,18.01,7.12,47.0,92.68,Rejected
PRJ-0776,20,100,90.87,232.94,112.3,92.37,78.45,254.71,Rejected
PRJ-0777,20,100,145.08,104.09,129.64,138.64,58.13,138.97,Rejected
PRJ-0778,20,100,220.7,144.26,207.99,219.65,72.18,214.59,Accepted
PRJ-0779,20,100,129.24,80.5,115.93,119.73,50.07,104.27,Accepted
PRJ-0780,20,100,254.75,384.99,271.22,254.13,86.83,314.71,Rejected
PRJ-0781,20,100,30.17,166.32,63.18,38.66,54.62,123.07,Rejected
PRJ-0782,20,100,251.52,172.17,241.36,251.63,61.81,156.9,Accepted
PRJ-0783,20,100,194.45,121.57,184.35,194.76,52.8,115.34,Accepted
PRJ-0784,20,100,141.03,272.91,153.09,134.42,69.33,197.63,Rejected
PRJ-0785,20,100,164.2,221.01,165.62,158.85,80.03,265.45,Rejected
PRJ-0786,20,100,93.81,181.49,94.83,86.38,68.53,193.05,Rejected
PRJ-0787,20,100,105.79,60.89,96.61,103.61,33.87,52.76,Accepted
PRJ-0788,20,100,112.59,50.85,103.81,111.21,51.19,108.72,Accepted
PRJ-0789,20,100,250.09,211.64,243.75,250.94,67.72,188.42,Accepted
PRJ-0790,20,100,213.5,292.4,217.92,208.59,88.55,327.88,Rejected
PRJ-0791,20,100,33.49,152.62,48.36,29.86,44.17,82.75,Rejected
PRJ-0792,20,100,99.29,223.23,122.67,106.97,57.31,135.16,Rejected
PRJ-0793,20,100,165.38,116.51,155.85,161.42,50.09,104.35,Accepted
PRJ-0794,20,100,147.73,115.57,144.94,148.15,57.45,135.78,Accepted
PRJ-0795,20,100,85.22,233.35,107.76,85.84,59.03,143.24,Rejected
PRJ-0796,20,100,168.57,237.77,173.98,169.74,84.72,298.91,Rejected
PRJ-0797,20,100,227.77,309.14,236.14,225.98,82.73,284.42,Rejected
PRJ-0798,20,100,208.36,137.64,192.21,205.42,43.97,82.08,Accepted
PRJ-0799,20,100,122.24,77.25,109.24,116.77,50.48,105.87,Accepted
PRJ-0800,20,100,299.38,228.18,293.93,298.89,82.75,284.57,Accepted
PRJ-0801,20,100,76.96,137.95,87.37,76.88,62.75,161.67,Rejected
PRJ-0802,20,100,206.21,173.42,204.57,204.72,60.08,148.29,Accepted
PRJ-0803,20,100,164.79,127.44,155.67,160.59,44.06,82.38,Accepted
PRJ-0804,20,100,136.68,91.3,126.15,131.39,56.96,133.52,Rejected
PRJ-0805,20,100,274.84,218.12,272.77,278.13,69.79,200.34,Accepted
PRJ-0806,20,100,128.56,215.77,144.41,130.3,57.95,138.1,Rejected
PRJ-0807,20,100,218.55,186.07,218.22,223.2,53.91,120.02,Accepted
PRJ-0808,20,100,60.32,202.24,79.03,62.33,61.4,154.79,Rejected
PRJ-0809,20,100,63.8,9.35,58.64,64.71,37.34,61.82,Accepted
PRJ-0810,20,100,170.68,301.86,197.66,179.98,75.47,235.17,Rejected
PRJ-0811,20,100,30.92,160.31,55.06,33.76,53.0,116.16,Rejected
PRJ-0812,20,100,205.59,133.34,201.04,210.34,67.39,186.62,Accepted
PRJ-0813,20,100,144.18,91.66,136.07,147.94,56.66,132.16,Accepted
PRJ-0814,20,100,224.46,157.0,213.58,220.36,53.87,119.85,Accepted
PRJ-0815,20,100,141.9,87.77,131.99,143.05,43.77,81.4,Accepted
PRJ-0816,20,100,5.0,125.73,29.0,9.58,51.74,110.93,Rejected
PRJ-0817,20,100,60.95,111.05,65.59,59.21,59.8,146.94,Rejected
PRJ-0818,20,100,116.07,181.39,133.75,121.49,76.29,240.44,Rejected
PRJ-0819,20,100,276.81,198.04,272.45,282.4,75.07,232.6,Accepted
PRJ-0820,20,100,168.62,93.75,156.71,165.98,37.09,61.14,Accepted
PRJ-0821,20,100,111.21,200.57,133.23,117.79,59.76,146.73,Rejected
PRJ-0822,20,100,193.21,252.02,202.59,196.37,82.47,282.56,Rejected
PRJ-0823,20,100,207.21,273.76,208.61,202.49,73.06,220.0,Rejected
PRJ-0824,20,100,285.78,245.19,279.02,281.91,69.72,199.9,Accepted
PRJ-0825,20,100,150.12,266.81,172.37,156.84,63.61,166.11,Rejected
PRJ-0826,20,100,177.86,280.62,195.37,180.92,73.83,224.75,Rejected
PRJ-0827,20,100,172.36,114.14,153.3,166.99,55.88,128.63,Accepted
PRJ-0828,20,100,156.74,78.25,140.73,157.5,47.75,95.4,Accepted
PRJ-0829,20,100,188.1,257.3,208.81,195.74,70.34,203.52,Rejected
PRJ-0830,20,100,287.62,231.19,293.36,294.09,81.74,277.42,Accepted
PRJ-0831,20,100,48.63,117.21,57.43,49.98,68.64,193.69,Rejected
PRJ-0832,20,100,114.02,191.69,134.79,117.74,63.1,163.46,Rejected
PRJ-0833,20,100,158.73,91.87,142.16,149.04,35.37,56.55,Accepted
PRJ-0834,20,100,133.43,184.63,141.66,135.83,64.55,171.11,Rejected
PRJ-0835,20,100,233.01,380.26,252.1,230.6,89.65,336.52,Rejected
PRJ-0836,20,100,252.63,345.54,256.66,247.94,100.0,423.88,Rejected
PRJ-0837,20,100,191.82,123.38,173.19,186.65,57.68,136.84,Accepted
PRJ-0838,20,100,129.74,205.98,143.73,135.01,66.77,183.16,Rejected
PRJ-0839,20,100,147.74,89.19,137.47,152.07,57.23,134.8,Accepted
PRJ-0840,20,100,66.32,126.27,69.52,63.05,46.47,90.75,Rejected
PRJ-0841,20,100,258.29,353.85,266.93,258.45,88.98,331.24,Rejected
PRJ-0842,20,100,203.98,346.45,215.29,197.43,89.31,333.87,Rejected
PRJ-0843,20,100,125.06,229.71,146.02,129.52,64.67,171.7,Rejected
PRJ-0844,20,100,72.39,173.87,95.11,78.0,53.44,118.03,Rejected
PRJ-0845,20,100,187.78,123.63,176.85,184.47,63.43,165.21,Accepted
PRJ-0846,20,100,212.94,144.62,197.35,209.93,66.86,183.65,Accepted
PRJ-0847,20,100,178.75,291.1,199.72,184.11,79.43,261.35,Rejected
PRJ-0848,20,100,110.25,190.35,131.51,118.1,59.06,143.35,Rejected
PRJ-0849,20,100,140.16,251.82,151.04,134.05,73.58,223.19,Rejected
PRJ-0850,20,100,149.74,298.2,167.56,145.74,63.61,166.1,Rejected
PRJ-0851,20,100,138.18,230.73,149.93,139.64,59.17,143.91,Rejected
PRJ-0852,20,100,160.16,89.33,146.31,157.54,59.54,145.69,Accepted
PRJ-0853,20,100,195.0,258.37,205.88,199.4,77.89,250.99,Rejected
PRJ-0854,20,100,196.55,152.78,190.76,198.0,67.51,187.24,Accepted
PRJ-0855,20,100,138.42,262.28,155.4,140.39,83.52,290.13,Rejected
PRJ-0856,20,100,125.15,273.44,137.67,118.79,62.58,160.78,Rejected
PRJ-0857,20,100,256.65,386.83,277.43,258.49,85.27,302.94,Rejected
PRJ-0858,20,100,184.27,309.89,194.35,179.0,80.82,270.96,Rejected
PRJ-0859,20,100,117.26,190.09,131.24,123.97,88.38,326.59,Rejected
PRJ-0860,20,100,143.84,229.32,151.94,138.79,62.82,162.04,Rejected
PRJ-0861,20,100,142.35,104.77,141.08,146.87,55.89,128.67,Accepted
PRJ-0862,20,100,272.48,363.55,287.57,278.67,90.27,341.39,Rejected
PRJ-0863,20,100,160.57,128.65,166.9,169.11,61.35,154.59,Accepted
PRJ-0864,20,100,168.62,309.61,173.7,161.51,67.31,186.15,Rejected
PRJ-0865,20,100,282.01,229.17,277.19,284.17,74.28,227.59,Accepted
PRJ-0866,20,100,72.46,14.97,61.14,68.38,29.64,43.17,Accepted
PRJ-0867,20,100,180.71,286.48,195.42,182.55,79.85,264.24,Rejected
PRJ-0868,20,100,123.47,78.22,119.82,127.74,37.07,61.07,Accepted
PRJ-0869,20,100,144.19,241.35,157.7,147.21,60.54,150.54,Rejected
PRJ-0870,20,100,121.61,205.91,134.7,123.93,56.04,129.36,Rejected
PRJ-0871,20,100,185.17,105.98,177.13,191.24,64.86,172.74,Accepted
PRJ-0872,20,100,199.69,139.4,183.68,195.04,50.42,105.63,Accepted
PRJ-0873,20,100,151.96,100.32,147.09,154.04,58.75,141.89,Accepted
PRJ-0874,20,100,279.14,204.45,269.31,281.49,39.38,67.62,Accepted
PRJ-0875,20,100,102.69,180.56,108.02,92.08,81.46,275.41,Rejected
PRJ-0876,20,100,158.81,78.87,135.19,149.9,40.3,70.36,Accepted
PRJ-0877,20,100,132.41,208.28,128.27,126.06,66.66,182.52,Rejected
PRJ-0878,20,100,135.83,77.29,129.11,135.93,56.29,130.48,Accepted
PRJ-0879,20,100,201.73,135.07,194.87,207.66,65.68,177.17,Accepted
PRJ-0880,20,100,357.51,505.26,373.84,352.74,94.83,378.77,Rejected
PRJ-0881,20,100,237.56,180.37,227.64,232.62,64.92,173.04,Accepted
PRJ-0882,20,100,286.97,248.45,281.72,290.27,67.25,185.83,Accepted
PRJ-0883,20,100,54.03,152.45,71.37,60.23,41.55,74.23,Rejected
PRJ-0884,20,100,258.57,216.66,252.49,261.09,70.33,203.5,Accepted
PRJ-0885,20,100,75.09,169.65,102.99,83.93,65.38,175.52,Rejected
PRJ-0886,20,100,197.23,138.07,192.98,201.93,66.08,179.33,Accepted
PRJ-0887,20,100,229.9,180.17,216.81,226.1,52.46,113.9,Accepted
PRJ-0888,20,100,189.49,114.71,168.36,181.37,59.29,144.44,Accepted
PRJ-0889,20,100,195.0,130.61,174.31,189.13,64.1,168.72,Accepted
PRJ-0890,20,100,138.37,219.93,138.16,128.29,79.09,259.06,Rejected
PRJ-0891,20,100,106.33,27.59,86.78,99.75,34.67,54.77,Accepted
PRJ-0892,20,100,5.0,79.16,17.34,7.18,45.19,86.22,Rejected
PRJ-0893,20,100,256.69,374.38,273.03,255.11,82.39,282.01,Rejected
PRJ-0894,20,100,131.45,265.61,152.99,131.41,67.18,185.4,Rejected
PRJ-0895,20,100,114.42,57.18,100.59,114.19,42.74,78.01,Accepted
PRJ-0896,20,100,115.85,206.96,123.02,111.28,59.27,144.35,Rejected
PRJ-0897,20,100,182.9,104.08,157.24,171.14,50.39,105.51,Accepted
PRJ-0898,20,100,82.73,218.56,108.28,90.97,47.94,96.13,Rejected
PRJ-0899,20,100,216.3,183.26,214.45,214.67,58.86,142.41,Accepted
PRJ-0900,20,100,65.56,145.97,85.58,73.46,39.18,67.05,Accepted
PRJ-0901,20,100,204.95,140.31,198.37,210.48,56.07,129.48,Accepted
PRJ-0902,20,100,292.51,248.78,296.66,298.99,81.26,274.0,Accepted
PRJ-0903,20,100,92.25,33.78,87.69,96.42,34.05,53.21,Accepted
PRJ-0904,20,100,312.45,273.36,299.7,303.12,69.86,200.76,Accepted
PRJ-0905,20,100,114.87,78.21,98.53,107.96,34.46,54.23,Accepted
PRJ-0906,20,100,169.79,101.41,165.14,173.85,55.96,128.98,Accepted
PRJ-0907,20,100,125.82,240.46,151.09,132.1,69.61,199.28,Rejected
PRJ-0908,20,100,63.86,122.0,70.95,63.82,90.78,345.47,Rejected
PRJ-0909,20,100,87.2,22.62,74.77,82.17,38.87,66.13,Accepted
PRJ-0910,20,100,179.8,126.44,178.37,183.03,57.49,135.99,Accepted
PRJ-0911,20,100,128.38,240.99,146.84,130.79,69.43,198.22,Rejected
PRJ-0912,20,100,119.02,230.06,136.65,122.2,58.91,142.63,Rejected
PRJ-0913,20,100,230.1,186.34,221.39,229.35,72.72,217.9,Accepted
PRJ-0914,20,100,202.6,171.37,197.97,203.16,44.04,82.32,Accepted
PRJ-0915,20,100,252.73,367.46,277.95,259.53,81.2,273.6,Rejected
PRJ-0916,20,100,124.21,210.43,134.95,122.46,70.28,203.23,Rejected
PRJ-0917,20,100,234.17,182.83,223.93,230.51,73.11,220.3,Accepted
PRJ-0918,20,100,184.6,287.13,201.71,182.91,76.65,242.78,Rejected
PRJ-0919,20,100,24.43,140.65,39.79,28.11,59.74,146.62,Rejected
PRJ-0920,20,100,195.47,132.7,181.33,190.26,50.13,104.5,Accepted
PRJ-0921,20,100,140.8,198.49,130.28,126.28,66.54,181.85,Rejected
PRJ-0922,20,100,225.64,359.53,235.13,220.03,79.94,264.82,Rejected
PRJ-0923,20,100,187.81,152.72,179.48,182.2,59.89,147.37,Accepted
PRJ-0924,20,100,232.0,197.43,216.61,227.69,61.81,156.89,Accepted
PRJ-0925,20,100,269.78,230.57,259.31,265.58,72.21,214.77,Accepted
PRJ-0926,20,100,132.8,264.75,149.34,132.63,66.86,183.64,Rejected
PRJ-0927,20,100,55.77,108.43,62.6,51.62,47.64,95.02,Rejected
PRJ-0928,20,100,271.09,207.32,269.71,278.99,76.21,239.89,Accepted
PRJ-0929,20,100,81.95,228.23,109.16,88.55,56.3,130.53,Rejected
PRJ-0930,20,100,163.99,94.92,167.16,175.57,47.8,95.61,Accepted
PRJ-0931,20,100,220.68,334.73,240.83,222.27,77.69,249.62,Rejected
PRJ-0932,20,100,167.53,234.18,175.01,167.05,67.99,189.99,Rejected
PRJ-0933,20,100,177.38,101.64,156.34,171.27,52.32,113.34,Accepted
PRJ-0934,20,100,132.15,273.33,163.07,138.88,58.09,138.76,Accepted
PRJ-0935,20,100,120.22,238.57,133.31,117.34,70.93,207.06,Rejected
PRJ-0936,20,100,238.96,329.51,239.74,231.59,87.0,316.0,Rejected
PRJ-0937,20,100,59.96,201.49,78.52,55.77,50.62,106.43,Rejected
PRJ-0938,20,100,162.76,303.46,180.37,163.07,72.46,216.27,Rejected
PRJ-0939,20,100,180.59,249.42,193.4,179.5,74.87,231.28,Rejected
PRJ-0940,20,100,134.93,97.86,131.66,139.39,56.4,130.99,Accepted
PRJ-0941,20,100,122.54,238.12,144.73,125.06,70.23,202.88,Rejected
PRJ-0942,20,100,245.18,321.79,268.83,255.29,94.59,376.8,Rejected
PRJ-0943,20,100,132.51,265.75,158.71,137.68,64.2,169.25,Rejected
PRJ-0944,20,100,268.44,398.29,289.13,267.53,81.36,274.69,Rejected
PRJ-0945,20,100,154.65,267.71,175.5,157.33,68.25,191.45,Rejected
PRJ-0946,20,100,5.0,148.62,25.38,8.66,39.16,67.0,Rejected
PRJ-0947,20,100,212.05,168.65,204.87,210.98,70.55,204.81,Accepted
PRJ-0948,20,100,216.53,150.56,208.76,214.48,68.49,192.83,Accepted
PRJ-0949,20,100,146.83,279.13,165.57,144.91,63.81,167.17,Rejected
PRJ-0950,20,100,112.88,173.62,117.64,115.44,75.49,235.26,Rejected
PRJ-0951,20,100,154.14,300.69,171.52,155.39,76.88,244.27,Rejected
PRJ-0952,20,100,218.68,139.81,207.49,217.18,65.09,173.97,Accepted
PRJ-0953,20,100,132.95,84.03,124.73,134.11,56.05,129.43,Accepted
PRJ-0954,20,100,120.36,211.98,134.82,121.76,61.19,153.76,Rejected
PRJ-0955,20,100,201.6,125.17,184.91,198.55,56.5,131.46,Accepted
PRJ-0956,20,100,199.45,322.64,220.94,207.03,83.42,289.39,Rejected
PRJ-0957,20,100,89.8,175.95,101.91,88.61,58.11,138.84,Rejected
PRJ-0958,20,100,171.46,264.66,189.16,177.98,67.14,185.21,Rejected
PRJ-0959,20,100,257.0,196.78,252.89,258.49,71.33,209.42,Accepted
PRJ-0960,20,100,245.47,178.67,229.05,239.38,47.54,94.65,Accepted
PRJ-0961,20,100,47.64,112.02,58.91,52.98,66.02,179.0,Rejected
PRJ-0962,20,100,271.81,220.68,263.42,270.27,47.43,94.24,Accepted
PRJ-0963,20,100,258.33,187.67,249.47,256.21,58.2,139.26,Accepted
PRJ-0964,20,100,155.26,83.77,138.72,153.07,44.66,84.41,Accepted
PRJ-0965,20,100,92.93,40.52,91.35,96.82,41.83,75.09,Accepted
PRJ-0966,20,100,124.38,44.6,115.54,121.39,43.3,79.83,Accepted
PRJ-0967,20,100,5.0,135.08,27.93,10.33,34.74,54.94,Rejected
PRJ-0968,20,100,190.77,260.0,216.22,199.03,91.23,349.1,Rejected
PRJ-0969,20,100,109.59,31.97,100.9,109.74,40.75,71.74,Accepted
PRJ-0970,20,100,260.22,347.81,270.61,256.78,98.23,408.15,Rejected
PRJ-0971,20,100,125.51,197.55,139.43,131.85,68.69,193.97,Rejected
PRJ-0972,20,100,88.76,180.65,105.59,91.87,60.15,148.62,Rejected
PRJ-0973,20,100,146.02,110.54,133.03,143.22,52.16,112.65,Accepted
PRJ-0974,20,100,176.93,113.26,174.8,182.77,46.13,89.53,Accepted
PRJ-0975,20,100,205.34,280.17,212.35,203.2,77.92,251.18,Rejected
PRJ-0976,20,100,259.05,214.98,245.78,253.21,78.46,254.8,Rejected
PRJ-0977,20,100,99.05,52.12,93.2,99.0,43.35,79.99,Accepted
PRJ-0978,20,100,175.31,114.49,164.54,174.95,60.59,150.78,Accepted
PRJ-0979,20,100,142.26,269.24,149.41,134.48,66.89,183.83,Rejected
PRJ-0980,20,100,230.84,162.25,223.68,231.52,59.02,143.19,Accepted
PRJ-0981,20,100,190.47,320.98,211.62,191.04,79.33,260.66,Rejected
PRJ-0982,20,100,200.65,141.86,185.17,196.77,58.05,138.59,Accepted
PRJ-0983,20,100,193.22,244.55,207.3,199.87,75.84,237.53,Rejected
PRJ-0984,20,100,238.85,174.63,226.64,234.71,34.5,54.35,Accepted
PRJ-0985,20,100,211.16,325.99,224.22,206.93,88.89,330.55,Rejected
PRJ-0986,20,100,163.53,309.76,184.08,161.4,67.02,184.53,Rejected
PRJ-0987,20,100,147.69,77.5,136.93,143.24,53.14,116.73,Accepted
PRJ-0988,20,100,91.03,33.68,82.92,89.25,18.5,24.99,Accepted
PRJ-0989,20,100,149.43,76.62,140.55,152.72,51.98,111.91,Accepted
PRJ-0990,20,100,160.57,220.69,166.9,160.76,73.77,224.38,Rejected
PRJ-0991,20,100,203.43,141.47,196.31,202.22,42.54,77.37,Accepted
PRJ-0992,20,100,130.11,192.82,146.5,135.23,76.72,243.22,Rejected
PRJ-0993,20,100,119.89,84.6,122.72,126.66,47.25,93.59,Accepted
PRJ-0994,20,100,205.33,350.36,231.59,209.31,85.41,304.01,Rejected
PRJ-0995,20,100,151.31,97.71,150.41,154.57,30.2,44.34,Accepted
PRJ-0996,20,100,197.61,280.94,216.01,200.76,83.13,287.31,Rejected
PRJ-0997,20,100,211.66,310.31,224.93,213.77,100.0,423.88,Rejected
PRJ-0998,20,100,128.63,75.6,114.68,122.5,54.0,120.41,Accepted
PRJ-0999,20,100,63.16,157.89,75.15,57.5,72.29,215.26,Rejected
PRJ-1000,20,100,186.91,134.02,171.32,179.94,63.51,165.62,Accepted
