Node_Profile_ID,Analyzed_Txs_Sequence,Actual_Hidden_Behavior,Standard_Suspicion_Score,AI_Suspicion_Score,AI_Final_Decision,Machine_Learning_Outcome
N-0001,20,Honest,0.2995,0.4021,Honest,True Negative (Safe)
N-0002,20,Honest,0.7266,0.4043,Honest,True Negative (Safe)
N-0003,20,Honest,0.2692,0.7368,Malicious,False Positive (False Alarm)
N-0004,20,Honest,0.0074,0.0435,Honest,True Negative (Safe)
N-0005,20,Honest,0.4924,0.2679,Honest,True Negative (Safe)
N-0006,20,Honest,0.572,0.566,Malicious,False Positive (False Alarm)
N-0007,20,Honest,0.42,0.2727,Honest,True Negative (Safe)
N-0008,20,Honest,0.3014,0.3677,Honest,True Negative (Safe)
N-0009,20,Honest,0.3704,0.1862,Honest,True Negative (Safe)
N-0010,20,Malicious,0.6859,0.9777,Malicious,True Positive (Hit)
N-0011,20,Honest,0.0,0.3222,Honest,True Negative (Safe)
N-0012,20,Malicious,0.4824,0.9585,Malicious,True Positive (Hit)
N-0013,20,Honest,0.3875,0.5102,Malicious,False Positive (False Alarm)
N-0014,20,Honest,0.2809,0.0,Honest,True Negative (Safe)
N-0015,20,Honest,0.7129,0.0813,Honest,True Negative (Safe)
N-0016,20,Honest,0.0549,0.2532,Honest,True Negative (Safe)
N-0017,20,Honest,0.3902,0.4146,Honest,True Negative (Safe)
N-0018,20,Honest,0.6731,0.2691,Honest,True Negative (Safe)
N-0019,20,Honest,0.2288,0.3074,Honest,True Negative (Safe)
N-0020,20,Honest,0.4913,0.3638,Honest,True Negative (Safe)
N-0021,20,Honest,0.2313,0.1699,Honest,True Negative (Safe)
N-0022,20,Malicious,0.6773,1.0,Malicious,True Positive (Hit)
N-0023,20,Honest,0.6915,0.2664,Honest,True Negative (Safe)
N-0024,20,Honest,0.3282,0.3308,Honest,True Negative (Safe)
N-0025,20,Malicious,0.2772,0.5703,Malicious,True Positive (Hit)
N-0026,20,Malicious,0.9274,0.8384,Malicious,True Positive (Hit)
N-0027,20,Malicious,0.4631,0.9324,Malicious,True Positive (Hit)
N-0028,20,Honest,0.7717,0.1611,Honest,True Negative (Safe)
N-0029,20,Honest,0.3431,0.1395,Honest,True Negative (Safe)
N-0030,20,Honest,0.691,0.4447,Honest,True Negative (Safe)
N-0031,20,Honest,0.7965,0.4517,Honest,True Negative (Safe)
N-0032,20,Malicious,0.1419,0.8118,Malicious,True Positive (Hit)
N-0033,20,Honest,0.1854,0.1474,Honest,True Negative (Safe)
N-0034,20,Honest,0.4926,0.4171,Honest,True Negative (Safe)
N-0035,20,Honest,0.2273,0.0,Honest,True Negative (Safe)
N-0036,20,Malicious,0.5951,1.0,Malicious,True Positive (Hit)
N-0037,20,Honest,0.3993,0.2594,Honest,True Negative (Safe)
N-0038,20,Honest,0.8955,0.3681,Honest,True Negative (Safe)
N-0039,20,Honest,0.5042,0.3384,Honest,True Negative (Safe)
N-0040,20,Malicious,0.6126,0.4993,Honest,False Negative (Missed)
N-0041,20,Honest,0.1146,0.6274,Malicious,False Positive (False Alarm)
N-0042,20,Malicious,0.596,0.772,Malicious,True Positive (Hit)
N-0043,20,Honest,0.4274,0.4062,Honest,True Negative (Safe)
N-0044,20,Honest,1.0,0.3548,Honest,True Negative (Safe)
N-0045,20,Honest,0.303,0.2233,Honest,True Negative (Safe)
N-0046,20,Honest,0.7177,0.1334,Honest,True Negative (Safe)
N-0047,20,Honest,0.6631,0.0,Honest,True Negative (Safe)
N-0048,20,Honest,0.3925,0.3756,Honest,True Negative (Safe)
N-0049,20,Honest,0.7675,0.0863,Honest,True Negative (Safe)
N-0050,20,Honest,0.0743,0.1979,Honest,True Negative (Safe)
N-0051,20,Honest,0.1686,0.2202,Honest,True Negative (Safe)
N-0052,20,Honest,0.4483,0.0,Honest,True Negative (Safe)
N-0053,20,Honest,0.6511,0.2186,Honest,True Negative (Safe)
N-0054,20,Honest,0.7201,0.0,Honest,True Negative (Safe)
N-0055,20,Malicious,0.2957,0.8637,Malicious,True Positive (Hit)
N-0056,20,Malicious,0.3502,0.7138,Malicious,True Positive (Hit)
N-0057,20,Honest,0.4502,0.2817,Honest,True Negative (Safe)
N-0058,20,Malicious,0.3806,0.7828,Malicious,True Positive (Hit)
N-0059,20,Malicious,0.3544,0.8983,Malicious,True Positive (Hit)
N-0060,20,Honest,0.4213,0.281,Honest,True Negative (Safe)
N-0061,20,Honest,1.0,0.0286,Honest,True Negative (Safe)
N-0062,20,Malicious,0.8971,0.1649,Honest,False Negative (Missed)
N-0063,20,Honest,0.0,0.0019,Honest,True Negative (Safe)
N-0064,20,Malicious,0.2556,0.7948,Malicious,True Positive (Hit)
N-0065,20,Honest,0.5225,0.199,Honest,True Negative (Safe)
N-0066,20,Honest,0.4125,0.3556,Honest,True Negative (Safe)
N-0067,20,Honest,0.6583,0.0,Honest,True Negative (Safe)
N-0068,20,Honest,0.3595,0.2361,Honest,True Negative (Safe)
N-0069,20,Malicious,0.6713,0.58,Malicious,True Positive (Hit)
N-0070,20,Honest,0.4277,0.256,Honest,True Negative (Safe)
N-0071,20,Malicious,0.3739,0.5898,Malicious,True Positive (Hit)
N-0072,20,Honest,0.4747,0.2239,Honest,True Negative (Safe)
N-0073,20,Honest,0.5751,0.0393,Honest,True Negative (Safe)
N-0074,20,Honest,0.3623,0.2042,Honest,True Negative (Safe)
N-0075,20,Honest,0.6535,0.0619,Honest,True Negative (Safe)
N-0076,20,Honest,0.5087,0.3006,Honest,True Negative (Safe)
N-0077,20,Honest,0.8616,0.0486,Honest,True Negative (Safe)
N-0078,20,Malicious,0.3857,0.5438,Malicious,True Positive (Hit)
N-0079,20,Honest,0.0326,0.6029,Malicious,False Positive (False Alarm)
N-0080,20,Honest,0.1396,0.0867,Honest,True Negative (Safe)
N-0081,20,Honest,0.7789,0.0,Honest,True Negative (Safe)
N-0082,20,Malicious,0.7391,0.4391,Honest,False Negative (Missed)
N-0083,20,Honest,0.7617,0.0,Honest,True Negative (Safe)
N-0084,20,Malicious,0.1116,0.6301,Malicious,True Positive (Hit)
N-0085,20,Honest,0.693,0.2438,Honest,True Negative (Safe)
N-0086,20,Honest,0.3661,0.5192,Malicious,False Positive (False Alarm)
N-0087,20,Honest,0.9888,0.3845,Honest,True Negative (Safe)
N-0088,20,Honest,0.2943,0.1664,Honest,True Negative (Safe)
N-0089,20,Honest,0.1279,0.2702,Honest,True Negative (Safe)
N-0090,20,Honest,0.0426,0.3604,Honest,True Negative (Safe)
N-0091,20,Honest,0.9514,0.3935,Honest,True Negative (Safe)
N-0092,20,Honest,0.3327,0.3554,Honest,True Negative (Safe)
N-0093,20,Honest,0.8551,0.5641,Malicious,False Positive (False Alarm)
N-0094,20,Malicious,0.2991,0.8623,Malicious,True Positive (Hit)
N-0095,20,Honest,0.4105,0.4113,Honest,True Negative (Safe)
N-0096,20,Honest,0.5459,0.0,Honest,True Negative (Safe)
N-0097,20,Honest,0.363,0.2897,Honest,True Negative (Safe)
N-0098,20,Malicious,0.1914,0.8778,Malicious,True Positive (Hit)
N-0099,20,Malicious,0.169,0.5743,Malicious,True Positive (Hit)
N-0100,20,Honest,0.7853,0.0732,Honest,True Negative (Safe)
N-0101,20,Honest,0.5935,0.0,Honest,True Negative (Safe)
N-0102,20,Honest,0.9703,0.1891,Honest,True Negative (Safe)
N-0103,20,Honest,0.4738,0.2858,Honest,True Negative (Safe)
N-0104,20,Honest,0.6019,0.0,Honest,True Negative (Safe)
N-0105,20,Honest,0.4487,0.1182,Honest,True Negative (Safe)
N-0106,20,Honest,0.0276,0.4474,Honest,True Negative (Safe)
N-0107,20,Honest,0.362,0.2985,Honest,True Negative (Safe)
N-0108,20,Honest,0.495,0.183,Honest,True Negative (Safe)
N-0109,20,Malicious,1.0,0.7396,Malicious,True Positive (Hit)
N-0110,20,Honest,0.0605,0.1699,Honest,True Negative (Safe)
N-0111,20,Honest,0.5749,0.3565,Honest,True Negative (Safe)
N-0112,20,Honest,0.1781,0.4359,Honest,True Negative (Safe)
N-0113,20,Honest,0.0093,0.4788,Honest,True Negative (Safe)
N-0114,20,Honest,0.1202,0.2048,Honest,True Negative (Safe)
N-0115,20,Malicious,0.8161,0.7763,Malicious,True Positive (Hit)
N-0116,20,Honest,0.6542,0.3737,Honest,True Negative (Safe)
N-0117,20,Malicious,0.8716,0.9837,Malicious,True Positive (Hit)
N-0118,20,Honest,0.3366,0.3766,Honest,True Negative (Safe)
N-0119,20,Honest,0.0684,0.2384,Honest,True Negative (Safe)
N-0120,20,Honest,0.6546,0.2768,Honest,True Negative (Safe)
N-0121,20,Honest,0.5617,0.2073,Honest,True Negative (Safe)
N-0122,20,Honest,0.7323,0.2339,Honest,True Negative (Safe)
N-0123,20,Honest,0.3336,0.4273,Honest,True Negative (Safe)
N-0124,20,Honest,0.0987,0.3502,Honest,True Negative (Safe)
N-0125,20,Malicious,0.2894,1.0,Malicious,True Positive (Hit)
N-0126,20,Honest,0.3847,0.277,Honest,True Negative (Safe)
N-0127,20,Honest,0.5531,0.0,Honest,True Negative (Safe)
N-0128,20,Honest,0.2874,0.4587,Honest,True Negative (Safe)
N-0129,20,Honest,0.6669,0.3066,Honest,True Negative (Safe)
N-0130,20,Honest,0.1126,0.3671,Honest,True Negative (Safe)
N-0131,20,Honest,0.6283,0.2594,Honest,True Negative (Safe)
N-0132,20,Honest,0.7558,0.1133,Honest,True Negative (Safe)
N-0133,20,Honest,0.3225,0.0,Honest,True Negative (Safe)
N-0134,20,Honest,0.68,0.3128,Honest,True Negative (Safe)
N-0135,20,Honest,0.0295,0.0,Honest,True Negative (Safe)
N-0136,20,Malicious,0.3318,0.9246,Malicious,True Positive (Hit)
N-0137,20,Malicious,0.4749,0.5729,Malicious,True Positive (Hit)
N-0138,20,Malicious,0.2985,0.5188,Malicious,True Positive (Hit)
N-0139,20,Malicious,0.0666,0.4844,Honest,False Negative (Missed)
N-0140,20,Malicious,0.2824,0.9002,Malicious,True Positive (Hit)
N-0141,20,Malicious,0.5086,0.5684,Malicious,True Positive (Hit)
N-0142,20,Malicious,1.0,0.6039,Malicious,True Positive (Hit)
N-0143,20,Honest,0.7418,0.5742,Malicious,False Positive (False Alarm)
N-0144,20,Honest,0.0575,0.2648,Honest,True Negative (Safe)
N-0145,20,Honest,0.3206,0.1302,Honest,True Negative (Safe)
N-0146,20,Honest,0.5888,0.1254,Honest,True Negative (Safe)
N-0147,20,Honest,0.326,0.2164,Honest,True Negative (Safe)
N-0148,20,Malicious,0.4567,0.4918,Honest,False Negative (Missed)
N-0149,20,Honest,0.649,0.4597,Honest,True Negative (Safe)
N-0150,20,Honest,0.5359,0.1747,Honest,True Negative (Safe)
N-0151,20,Honest,0.2737,0.1093,Honest,True Negative (Safe)
N-0152,20,Malicious,1.0,0.9563,Malicious,True Positive (Hit)
N-0153,20,Honest,0.24,0.2829,Honest,True Negative (Safe)
N-0154,20,Honest,0.3594,0.3668,Honest,True Negative (Safe)
N-0155,20,Honest,0.5859,0.4667,Honest,True Negative (Safe)
N-0156,20,Honest,0.2374,0.2709,Honest,True Negative (Safe)
N-0157,20,Honest,0.0129,0.0,Honest,True Negative (Safe)
N-0158,20,Honest,0.671,0.0599,Honest,True Negative (Safe)
N-0159,20,Malicious,0.3398,0.7482,Malicious,True Positive (Hit)
N-0160,20,Honest,0.6237,0.0378,Honest,True Negative (Safe)
N-0161,20,Honest,0.0,0.076,Honest,True Negative (Safe)
N-0162,20,Honest,0.7514,0.3186,Honest,True Negative (Safe)
N-0163,20,Honest,0.781,0.0236,Honest,True Negative (Safe)
N-0164,20,Honest,0.0402,0.3425,Honest,True Negative (Safe)
N-0165,20,Honest,0.51,0.3111,Honest,True Negative (Safe)
N-0166,20,Honest,0.6832,0.3343,Honest,True Negative (Safe)
N-0167,20,Honest,0.5514,0.393,Honest,True Negative (Safe)
N-0168,20,Honest,0.5756,0.4215,Honest,True Negative (Safe)
N-0169,20,Honest,0.7021,0.5563,Malicious,False Positive (False Alarm)
N-0170,20,Honest,0.2877,0.3461,Honest,True Negative (Safe)
N-0171,20,Honest,0.3574,0.0833,Honest,True Negative (Safe)
N-0172,20,Honest,0.2776,0.349,Honest,True Negative (Safe)
N-0173,20,Malicious,0.6546,0.8381,Malicious,True Positive (Hit)
N-0174,20,Honest,0.3936,0.2507,Honest,True Negative (Safe)
N-0175,20,Honest,0.6544,0.0,Honest,True Negative (Safe)
N-0176,20,Honest,0.4562,0.268,Honest,True Negative (Safe)
N-0177,20,Honest,0.6383,0.0,Honest,True Negative (Safe)
N-0178,20,Honest,0.8238,0.2927,Honest,True Negative (Safe)
N-0179,20,Honest,0.5166,0.1697,Honest,True Negative (Safe)
N-0180,20,Honest,0.5845,0.2596,Honest,True Negative (Safe)
N-0181,20,Honest,0.7522,0.0,Honest,True Negative (Safe)
N-0182,20,Honest,0.4939,0.3317,Honest,True Negative (Safe)
N-0183,20,Honest,0.4034,0.1691,Honest,True Negative (Safe)
N-0184,20,Honest,0.3593,0.2849,Honest,True Negative (Safe)
N-0185,20,Honest,0.0,0.443,Honest,True Negative (Safe)
N-0186,20,Malicious,0.43,0.7781,Malicious,True Positive (Hit)
N-0187,20,Honest,0.5418,0.1448,Honest,True Negative (Safe)
N-0188,20,Honest,0.4172,0.0,Honest,True Negative (Safe)
N-0189,20,Honest,0.633,0.466,Honest,True Negative (Safe)
N-0190,20,Honest,0.0248,0.1687,Honest,True Negative (Safe)
N-0191,20,Honest,0.1425,0.2145,Honest,True Negative (Safe)
N-0192,20,Honest,0.6122,0.4475,Honest,True Negative (Safe)
N-0193,20,Honest,0.7305,0.5121,Malicious,False Positive (False Alarm)
N-0194,20,Malicious,0.4944,0.4977,Honest,False Negative (Missed)
N-0195,20,Malicious,0.5214,0.8893,Malicious,True Positive (Hit)
N-0196,20,Honest,0.1432,0.582,Malicious,False Positive (False Alarm)
N-0197,20,Honest,0.6745,0.2087,Honest,True Negative (Safe)
N-0198,20,Malicious,0.3723,0.6028,Malicious,True Positive (Hit)
N-0199,20,Honest,0.4686,0.2041,Honest,True Negative (Safe)
N-0200,20,Malicious,0.7876,0.6745,Malicious,True Positive (Hit)
N-0201,20,Malicious,0.6764,0.7436,Malicious,True Positive (Hit)
N-0202,20,Honest,0.5174,0.204,Honest,True Negative (Safe)
N-0203,20,Honest,0.6269,0.3945,Honest,True Negative (Safe)
N-0204,20,Honest,0.565,0.3715,Honest,True Negative (Safe)
N-0205,20,Honest,0.2139,0.3146,Honest,True Negative (Safe)
N-0206,20,Honest,0.7623,0.3483,Honest,True Negative (Safe)
N-0207,20,Malicious,0.2923,0.7391,Malicious,True Positive (Hit)
N-0208,20,Honest,0.5437,0.0985,Honest,True Negative (Safe)
N-0209,20,Honest,0.1104,0.1868,Honest,True Negative (Safe)
N-0210,20,Honest,0.2648,0.2471,Honest,True Negative (Safe)
N-0211,20,Malicious,0.1521,0.8742,Malicious,True Positive (Hit)
N-0212,20,Malicious,0.3913,0.9691,Malicious,True Positive (Hit)
N-0213,20,Honest,0.3808,0.2449,Honest,True Negative (Safe)
N-0214,20,Honest,0.4067,0.1124,Honest,True Negative (Safe)
N-0215,20,Honest,1.0,0.1508,Honest,True Negative (Safe)
N-0216,20,Honest,0.7059,0.0313,Honest,True Negative (Safe)
N-0217,20,Honest,0.543,0.3458,Honest,True Negative (Safe)
N-0218,20,Malicious,0.544,0.6244,Malicious,True Positive (Hit)
N-0219,20,Honest,0.3842,0.1693,Honest,True Negative (Safe)
N-0220,20,Honest,1.0,0.2455,Honest,True Negative (Safe)
N-0221,20,Honest,0.5812,0.6063,Malicious,False Positive (False Alarm)
N-0222,20,Honest,0.2309,0.2575,Honest,True Negative (Safe)
N-0223,20,Honest,0.3827,0.2328,Honest,True Negative (Safe)
N-0224,20,Malicious,0.5052,0.589,Malicious,True Positive (Hit)
N-0225,20,Honest,0.4989,0.0375,Honest,True Negative (Safe)
N-0226,20,Malicious,0.7972,0.8871,Malicious,True Positive (Hit)
N-0227,20,Honest,0.3266,0.161,Honest,True Negative (Safe)
N-0228,20,Honest,0.5189,0.0903,Honest,True Negative (Safe)
N-0229,20,Honest,0.903,0.3216,Honest,True Negative (Safe)
N-0230,20,Honest,0.5483,0.3863,Honest,True Negative (Safe)
N-0231,20,Honest,0.3051,0.4678,Honest,True Negative (Safe)
N-0232,20,Honest,0.4786,0.44,Honest,True Negative (Safe)
N-0233,20,Honest,0.4005,0.5135,Malicious,False Positive (False Alarm)
N-0234,20,Honest,0.5503,0.6865,Malicious,False Positive (False Alarm)
N-0235,20,Malicious,0.4576,0.795,Malicious,True Positive (Hit)
N-0236,20,Malicious,0.2921,0.6336,Malicious,True Positive (Hit)
N-0237,20,Malicious,0.7047,0.9985,Malicious,True Positive (Hit)
N-0238,20,Honest,1.0,0.2307,Honest,True Negative (Safe)
N-0239,20,Malicious,0.3167,0.9157,Malicious,True Positive (Hit)
N-0240,20,Honest,0.168,0.3629,Honest,True Negative (Safe)
N-0241,20,Malicious,0.4244,0.7966,Malicious,True Positive (Hit)
N-0242,20,Malicious,0.8228,0.7256,Malicious,True Positive (Hit)
N-0243,20,Honest,0.6832,0.4246,Honest,True Negative (Safe)
N-0244,20,Honest,0.0,0.0697,Honest,True Negative (Safe)
N-0245,20,Honest,0.0595,0.6503,Malicious,False Positive (False Alarm)
N-0246,20,Malicious,0.5237,1.0,Malicious,True Positive (Hit)
N-0247,20,Honest,0.0418,0.1354,Honest,True Negative (Safe)
N-0248,20,Malicious,0.7501,0.7894,Malicious,True Positive (Hit)
N-0249,20,Malicious,0.6832,0.4742,Honest,False Negative (Missed)
N-0250,20,Honest,0.7942,0.4054,Honest,True Negative (Safe)
N-0251,20,Malicious,0.6504,0.5992,Malicious,True Positive (Hit)
N-0252,20,Honest,0.531,0.1917,Honest,True Negative (Safe)
N-0253,20,Honest,0.0374,0.2399,Honest,True Negative (Safe)
N-0254,20,Honest,0.4108,0.4625,Honest,True Negative (Safe)
N-0255,20,Honest,0.0,0.297,Honest,True Negative (Safe)
N-0256,20,Honest,0.1611,0.3138,Honest,True Negative (Safe)
N-0257,20,Honest,0.5436,0.2326,Honest,True Negative (Safe)
N-0258,20,Honest,0.6518,0.0008,Honest,True Negative (Safe)
N-0259,20,Honest,0.7269,0.1084,Honest,True Negative (Safe)
N-0260,20,Malicious,0.161,0.6901,Malicious,True Positive (Hit)
N-0261,20,Honest,0.0,0.3008,Honest,True Negative (Safe)
N-0262,20,Honest,0.3852,0.4967,Honest,True Negative (Safe)
N-0263,20,Malicious,0.7122,0.4438,Honest,False Negative (Missed)
N-0264,20,Honest,0.2404,0.3541,Honest,True Negative (Safe)
N-0265,20,Honest,0.6618,0.4945,Honest,True Negative (Safe)
N-0266,20,Honest,0.7536,0.2321,Honest,True Negative (Safe)
N-0267,20,Honest,0.5407,0.5097,Malicious,False Positive (False Alarm)
N-0268,20,Honest,0.3742,0.3259,Honest,True Negative (Safe)
N-0269,20,Honest,0.3683,0.1398,Honest,True Negative (Safe)
N-0270,20,Honest,0.4621,0.1125,Honest,True Negative (Safe)
N-0271,20,Honest,0.4173,0.043,Honest,True Negative (Safe)
N-0272,20,Malicious,0.5025,0.8486,Malicious,True Positive (Hit)
N-0273,20,Honest,0.3028,0.2519,Honest,True Negative (Safe)
N-0274,20,Honest,0.4848,0.3405,Honest,True Negative (Safe)
N-0275,20,Honest,0.4166,0.4672,Honest,True Negative (Safe)
N-0276,20,Malicious,0.0248,1.0,Malicious,True Positive (Hit)
N-0277,20,Malicious,0.3322,0.8387,Malicious,True Positive (Hit)
N-0278,20,Honest,0.2154,0.3789,Honest,True Negative (Safe)
N-0279,20,Malicious,0.6191,0.6068,Malicious,True Positive (Hit)
N-0280,20,Honest,0.7183,0.2172,Honest,True Negative (Safe)
N-0281,20,Honest,0.5868,0.0666,Honest,True Negative (Safe)
N-0282,20,Honest,0.4423,0.6507,Malicious,False Positive (False Alarm)
N-0283,20,Malicious,0.7907,0.8177,Malicious,True Positive (Hit)
N-0284,20,Honest,0.3378,0.2635,Honest,True Negative (Safe)
N-0285,20,Malicious,0.5994,0.8488,Malicious,True Positive (Hit)
N-0286,20,Honest,0.1808,0.3837,Honest,True Negative (Safe)
N-0287,20,Honest,0.1776,0.5762,Malicious,False Positive (False Alarm)
N-0288,20,Honest,0.2571,0.3093,Honest,True Negative (Safe)
N-0289,20,Malicious,0.8013,0.6945,Malicious,True Positive (Hit)
N-0290,20,Honest,0.5352,0.537,Malicious,False Positive (False Alarm)
N-0291,20,Honest,0.5911,0.3211,Honest,True Negative (Safe)
N-0292,20,Honest,0.0288,0.0633,Honest,True Negative (Safe)
N-0293,20,Honest,0.7117,0.364,Honest,True Negative (Safe)
N-0294,20,Honest,0.6304,0.3771,Honest,True Negative (Safe)
N-0295,20,Honest,0.7724,0.1977,Honest,True Negative (Safe)
N-0296,20,Honest,0.4801,0.0443,Honest,True Negative (Safe)
N-0297,20,Honest,0.1305,0.0,Honest,True Negative (Safe)
N-0298,20,Honest,0.2287,0.5605,Malicious,False Positive (False Alarm)
N-0299,20,Malicious,0.1618,0.6832,Malicious,True Positive (Hit)
N-0300,20,Malicious,0.2267,0.6178,Malicious,True Positive (Hit)
N-0301,20,Honest,0.4924,0.11,Honest,True Negative (Safe)
N-0302,20,Honest,0.7224,0.5568,Malicious,False Positive (False Alarm)
N-0303,20,Honest,0.0,0.1134,Honest,True Negative (Safe)
N-0304,20,Honest,0.4648,0.4752,Honest,True Negative (Safe)
N-0305,20,Honest,0.3364,0.246,Honest,True Negative (Safe)
N-0306,20,Honest,0.1608,0.0,Honest,True Negative (Safe)
N-0307,20,Honest,0.8113,0.0,Honest,True Negative (Safe)
N-0308,20,Honest,1.0,0.395,Honest,True Negative (Safe)
N-0309,20,Honest,0.62,0.3651,Honest,True Negative (Safe)
N-0310,20,Honest,0.3868,0.3284,Honest,True Negative (Safe)
N-0311,20,Honest,0.4028,0.3606,Honest,True Negative (Safe)
N-0312,20,Honest,0.4416,0.0599,Honest,True Negative (Safe)
N-0313,20,Honest,0.2324,0.0531,Honest,True Negative (Safe)
N-0314,20,Honest,0.6927,0.1265,Honest,True Negative (Safe)
N-0315,20,Honest,0.0,0.3294,Honest,True Negative (Safe)
N-0316,20,Honest,0.8286,0.4046,Honest,True Negative (Safe)
N-0317,20,Malicious,0.3992,0.4009,Honest,False Negative (Missed)
N-0318,20,Honest,0.4164,0.2182,Honest,True Negative (Safe)
N-0319,20,Honest,0.2077,0.3602,Honest,True Negative (Safe)
N-0320,20,Malicious,1.0,0.7989,Malicious,True Positive (Hit)
N-0321,20,Malicious,0.5901,0.5438,Malicious,True Positive (Hit)
N-0322,20,Malicious,0.8994,0.7335,Malicious,True Positive (Hit)
N-0323,20,Honest,0.3053,0.2627,Honest,True Negative (Safe)
N-0324,20,Honest,0.568,0.2778,Honest,True Negative (Safe)
N-0325,20,Honest,0.7515,0.3268,Honest,True Negative (Safe)
N-0326,20,Honest,0.379,0.3302,Honest,True Negative (Safe)
N-0327,20,Honest,0.5749,0.0,Honest,True Negative (Safe)
N-0328,20,Honest,0.7374,0.1898,Honest,True Negative (Safe)
N-0329,20,Honest,0.3812,0.4003,Honest,True Negative (Safe)
N-0330,20,Malicious,0.7368,0.5958,Malicious,True Positive (Hit)
N-0331,20,Honest,0.6507,0.1379,Honest,True Negative (Safe)
N-0332,20,Honest,0.9049,0.0844,Honest,True Negative (Safe)
N-0333,20,Honest,0.5099,0.0936,Honest,True Negative (Safe)
N-0334,20,Honest,1.0,0.0024,Honest,True Negative (Safe)
N-0335,20,Malicious,0.6811,0.5883,Malicious,True Positive (Hit)
N-0336,20,Honest,0.3615,0.3407,Honest,True Negative (Safe)
N-0337,20,Honest,0.7561,0.5747,Malicious,False Positive (False Alarm)
N-0338,20,Honest,0.0658,0.3036,Honest,True Negative (Safe)
N-0339,20,Honest,0.8149,0.0,Honest,True Negative (Safe)
N-0340,20,Honest,0.5286,0.2496,Honest,True Negative (Safe)
N-0341,20,Honest,0.5536,0.0955,Honest,True Negative (Safe)
N-0342,20,Honest,0.0911,0.0,Honest,True Negative (Safe)
N-0343,20,Malicious,0.7941,0.9929,Malicious,True Positive (Hit)
N-0344,20,Malicious,0.6257,0.6325,Malicious,True Positive (Hit)
N-0345,20,Honest,0.0442,0.3627,Honest,True Negative (Safe)
N-0346,20,Honest,0.1748,0.1077,Honest,True Negative (Safe)
N-0347,20,Honest,0.3034,0.2105,Honest,True Negative (Safe)
N-0348,20,Honest,0.2602,0.2567,Honest,True Negative (Safe)
N-0349,20,Malicious,0.3945,0.9043,Malicious,True Positive (Hit)
N-0350,20,Honest,0.7078,0.2717,Honest,True Negative (Safe)
N-0351,20,Malicious,0.6657,1.0,Malicious,True Positive (Hit)
N-0352,20,Honest,0.1568,0.0033,Honest,True Negative (Safe)
N-0353,20,Honest,0.6237,0.6393,Malicious,False Positive (False Alarm)
N-0354,20,Malicious,0.4849,1.0,Malicious,True Positive (Hit)
N-0355,20,Honest,0.4741,0.1138,Honest,True Negative (Safe)
N-0356,20,Malicious,0.3023,0.8885,Malicious,True Positive (Hit)
N-0357,20,Honest,0.2213,0.2663,Honest,True Negative (Safe)
N-0358,20,Honest,0.8459,0.1886,Honest,True Negative (Safe)
N-0359,20,Honest,0.7785,0.0071,Honest,True Negative (Safe)
N-0360,20,Malicious,0.4165,0.4404,Honest,False Negative (Missed)
N-0361,20,Honest,0.4682,0.406,Honest,True Negative (Safe)
N-0362,20,Honest,0.4688,0.4954,Honest,True Negative (Safe)
N-0363,20,Malicious,0.3627,0.7996,Malicious,True Positive (Hit)
N-0364,20,Honest,0.3181,0.3223,Honest,True Negative (Safe)
N-0365,20,Malicious,0.6759,0.8781,Malicious,True Positive (Hit)
N-0366,20,Malicious,0.2824,0.5543,Malicious,True Positive (Hit)
N-0367,20,Honest,0.2739,0.2022,Honest,True Negative (Safe)
N-0368,20,Malicious,0.5718,0.9058,Malicious,True Positive (Hit)
N-0369,20,Honest,0.238,0.0,Honest,True Negative (Safe)
N-0370,20,Honest,0.9889,0.0237,Honest,True Negative (Safe)
N-0371,20,Malicious,0.7591,0.7569,Malicious,True Positive (Hit)
N-0372,20,Honest,0.5128,0.2497,Honest,True Negative (Safe)
N-0373,20,Malicious,0.4538,0.8521,Malicious,True Positive (Hit)
N-0374,20,Malicious,0.4404,1.0,Malicious,True Positive (Hit)
N-0375,20,Malicious,0.6921,0.8819,Malicious,True Positive (Hit)
N-0376,20,Honest,0.3232,0.2027,Honest,True Negative (Safe)
N-0377,20,Honest,0.153,0.1794,Honest,True Negative (Safe)
N-0378,20,Malicious,0.2909,1.0,Malicious,True Positive (Hit)
N-0379,20,Honest,0.4626,0.2841,Honest,True Negative (Safe)
N-0380,20,Honest,0.3937,0.2895,Honest,True Negative (Safe)
N-0381,20,Malicious,1.0,0.684,Malicious,True Positive (Hit)
N-0382,20,Malicious,0.3874,0.8665,Malicious,True Positive (Hit)
N-0383,20,Honest,0.0,0.2628,Honest,True Negative (Safe)
N-0384,20,Malicious,0.4571,0.5317,Malicious,True Positive (Hit)
N-0385,20,Malicious,0.6769,0.7619,Malicious,True Positive (Hit)
N-0386,20,Honest,0.0,0.1207,Honest,True Negative (Safe)
N-0387,20,Honest,0.0,0.3087,Honest,True Negative (Safe)
N-0388,20,Malicious,0.6208,0.5755,Malicious,True Positive (Hit)
N-0389,20,Honest,0.585,0.0,Honest,True Negative (Safe)
N-0390,20,Honest,0.2084,0.3334,Honest,True Negative (Safe)
N-0391,20,Malicious,0.3778,0.7362,Malicious,True Positive (Hit)
N-0392,20,Malicious,0.4091,0.6596,Malicious,True Positive (Hit)
N-0393,20,Honest,0.3582,0.1086,Honest,True Negative (Safe)
N-0394,20,Malicious,0.6256,0.6119,Malicious,True Positive (Hit)
N-0395,20,Honest,0.4539,0.1043,Honest,True Negative (Safe)
N-0396,20,Malicious,0.1664,0.9507,Malicious,True Positive (Hit)
N-0397,20,Honest,0.5749,0.7077,Malicious,False Positive (False Alarm)
N-0398,20,Honest,0.189,0.2082,Honest,True Negative (Safe)
N-0399,20,Honest,0.4179,0.4479,Honest,True Negative (Safe)
N-0400,20,Honest,0.3232,0.0158,Honest,True Negative (Safe)
N-0401,20,Malicious,0.852,0.6803,Malicious,True Positive (Hit)
N-0402,20,Honest,0.6697,0.4024,Honest,True Negative (Safe)
N-0403,20,Honest,0.4425,0.2151,Honest,True Negative (Safe)
N-0404,20,Honest,0.3521,0.247,Honest,True Negative (Safe)
N-0405,20,Honest,0.6658,0.0907,Honest,True Negative (Safe)
N-0406,20,Honest,0.4772,0.0263,Honest,True Negative (Safe)
N-0407,20,Honest,0.2015,0.2438,Honest,True Negative (Safe)
N-0408,20,Honest,0.0,0.6621,Malicious,False Positive (False Alarm)
N-0409,20,Malicious,0.2517,0.7412,Malicious,True Positive (Hit)
N-0410,20,Honest,0.7421,0.0774,Honest,True Negative (Safe)
N-0411,20,Honest,0.0,0.161,Honest,True Negative (Safe)
N-0412,20,Honest,0.2313,0.0,Honest,True Negative (Safe)
N-0413,20,Honest,0.5212,0.2914,Honest,True Negative (Safe)
N-0414,20,Honest,0.7356,0.0258,Honest,True Negative (Safe)
N-0415,20,Honest,0.0502,0.1687,Honest,True Negative (Safe)
N-0416,20,Honest,0.4279,0.4343,Honest,True Negative (Safe)
N-0417,20,Honest,0.8026,0.4929,Honest,True Negative (Safe)
N-0418,20,Honest,0.5191,0.4099,Honest,True Negative (Safe)
N-0419,20,Honest,0.2899,0.2837,Honest,True Negative (Safe)
N-0420,20,Honest,0.1522,0.2625,Honest,True Negative (Safe)
N-0421,20,Malicious,0.5722,1.0,Malicious,True Positive (Hit)
N-0422,20,Honest,0.3928,0.268,Honest,True Negative (Safe)
N-0423,20,Honest,0.5092,0.159,Honest,True Negative (Safe)
N-0424,20,Honest,0.2494,0.5098,Malicious,False Positive (False Alarm)
N-0425,20,Honest,0.2048,0.0,Honest,True Negative (Safe)
N-0426,20,Honest,0.6201,0.4816,Honest,True Negative (Safe)
N-0427,20,Malicious,0.4371,0.6541,Malicious,True Positive (Hit)
N-0428,20,Malicious,0.6206,0.5943,Malicious,True Positive (Hit)
N-0429,20,Honest,0.2546,0.4259,Honest,True Negative (Safe)
N-0430,20,Honest,0.6018,0.5122,Malicious,False Positive (False Alarm)
N-0431,20,Honest,0.1369,0.1495,Honest,True Negative (Safe)
N-0432,20,Honest,0.5203,0.0649,Honest,True Negative (Safe)
N-0433,20,Honest,0.6104,0.4949,Honest,True Negative (Safe)
N-0434,20,Honest,0.3042,0.2577,Honest,True Negative (Safe)
N-0435,20,Honest,0.8139,0.6099,Malicious,False Positive (False Alarm)
N-0436,20,Malicious,0.7365,0.8806,Malicious,True Positive (Hit)
N-0437,20,Malicious,0.3366,0.829,Malicious,True Positive (Hit)
N-0438,20,Honest,0.5892,0.2079,Honest,True Negative (Safe)
N-0439,20,Honest,0.3013,0.0,Honest,True Negative (Safe)
N-0440,20,Honest,0.0156,0.0,Honest,True Negative (Safe)
N-0441,20,Malicious,0.6949,0.7825,Malicious,True Positive (Hit)
N-0442,20,Honest,0.329,0.1837,Honest,True Negative (Safe)
N-0443,20,Honest,0.5026,0.2171,Honest,True Negative (Safe)
N-0444,20,Honest,0.1149,0.4326,Honest,True Negative (Safe)
N-0445,20,Honest,0.526,0.3032,Honest,True Negative (Safe)
N-0446,20,Honest,0.6594,0.0873,Honest,True Negative (Safe)
N-0447,20,Honest,0.7534,0.222,Honest,True Negative (Safe)
N-0448,20,Malicious,0.7721,0.9116,Malicious,True Positive (Hit)
N-0449,20,Honest,0.1903,0.3506,Honest,True Negative (Safe)
N-0450,20,Honest,0.5316,0.2561,Honest,True Negative (Safe)
N-0451,20,Honest,0.4264,0.2328,Honest,True Negative (Safe)
N-0452,20,Honest,0.6532,0.3656,Honest,True Negative (Safe)
N-0453,20,Honest,0.4576,0.0,Honest,True Negative (Safe)
N-0454,20,Malicious,0.6736,0.9092,Malicious,True Positive (Hit)
N-0455,20,Malicious,1.0,0.9866,Malicious,True Positive (Hit)
N-0456,20,Honest,0.0,0.2657,Honest,True Negative (Safe)
N-0457,20,Honest,0.9028,0.3747,Honest,True Negative (Safe)
N-0458,20,Honest,0.5322,0.43,Honest,True Negative (Safe)
N-0459,20,Honest,0.2944,0.3456,Honest,True Negative (Safe)
N-0460,20,Honest,0.3874,0.2461,Honest,True Negative (Safe)
N-0461,20,Malicious,0.7571,0.5461,Malicious,True Positive (Hit)
N-0462,20,Malicious,0.872,0.657,Malicious,True Positive (Hit)
N-0463,20,Honest,0.5152,0.0,Honest,True Negative (Safe)
N-0464,20,Honest,0.63,0.5393,Malicious,False Positive (False Alarm)
N-0465,20,Honest,0.3213,0.028,Honest,True Negative (Safe)
N-0466,20,Malicious,0.6195,1.0,Malicious,True Positive (Hit)
N-0467,20,Malicious,0.1875,0.5066,Malicious,True Positive (Hit)
N-0468,20,Honest,0.3365,0.0859,Honest,True Negative (Safe)
N-0469,20,Honest,0.2457,0.0,Honest,True Negative (Safe)
N-0470,20,Honest,0.5973,0.3177,Honest,True Negative (Safe)
N-0471,20,Honest,0.0253,0.5414,Malicious,False Positive (False Alarm)
N-0472,20,Malicious,0.9703,0.5848,Malicious,True Positive (Hit)
N-0473,20,Honest,0.7416,0.1354,Honest,True Negative (Safe)
N-0474,20,Malicious,0.5953,0.5661,Malicious,True Positive (Hit)
N-0475,20,Honest,1.0,0.1908,Honest,True Negative (Safe)
N-0476,20,Honest,0.4816,0.1124,Honest,True Negative (Safe)
N-0477,20,Honest,0.9153,0.6273,Malicious,False Positive (False Alarm)
N-0478,20,Honest,0.8577,0.4413,Honest,True Negative (Safe)
N-0479,20,Honest,0.2938,0.4156,Honest,True Negative (Safe)
N-0480,20,Honest,0.4482,0.5125,Malicious,False Positive (False Alarm)
N-0481,20,Honest,0.729,0.1201,Honest,True Negative (Safe)
N-0482,20,Malicious,0.787,0.9,Malicious,True Positive (Hit)
N-0483,20,Malicious,0.0,0.9262,Malicious,True Positive (Hit)
N-0484,20,Honest,0.3421,0.0728,Honest,True Negative (Safe)
N-0485,20,Honest,0.2392,0.223,Honest,True Negative (Safe)
N-0486,20,Malicious,0.67,0.4496,Honest,False Negative (Missed)
N-0487,20,Malicious,0.5975,0.8769,Malicious,True Positive (Hit)
N-0488,20,Honest,0.9155,0.0347,Honest,True Negative (Safe)
N-0489,20,Malicious,0.4626,0.8076,Malicious,True Positive (Hit)
N-0490,20,Honest,0.7369,0.1892,Honest,True Negative (Safe)
N-0491,20,Honest,0.7497,0.0,Honest,True Negative (Safe)
N-0492,20,Honest,0.1367,0.3197,Honest,True Negative (Safe)
N-0493,20,Honest,0.0973,0.0151,Honest,True Negative (Safe)
N-0494,20,Malicious,0.4181,0.9197,Malicious,True Positive (Hit)
N-0495,20,Honest,0.0,0.2841,Honest,True Negative (Safe)
N-0496,20,Malicious,0.8082,0.7071,Malicious,True Positive (Hit)
N-0497,20,Honest,0.3578,0.3304,Honest,True Negative (Safe)
N-0498,20,Honest,0.402,0.5281,Malicious,False Positive (False Alarm)
N-0499,20,Honest,0.1721,0.2397,Honest,True Negative (Safe)
N-0500,20,Honest,0.5014,0.1743,Honest,True Negative (Safe)
N-0501,20,Honest,0.0,0.2178,Honest,True Negative (Safe)
N-0502,20,Malicious,0.775,0.9212,Malicious,True Positive (Hit)
N-0503,20,Honest,0.5387,0.0304,Honest,True Negative (Safe)
N-0504,20,Honest,0.5488,0.1353,Honest,True Negative (Safe)
N-0505,20,Honest,0.5384,0.2743,Honest,True Negative (Safe)
N-0506,20,Honest,0.2059,0.0715,Honest,True Negative (Safe)
N-0507,20,Honest,0.5388,0.2058,Honest,True Negative (Safe)
N-0508,20,Honest,0.2399,0.0654,Honest,True Negative (Safe)
N-0509,20,Honest,0.374,0.5636,Malicious,False Positive (False Alarm)
N-0510,20,Honest,0.3185,0.2472,Honest,True Negative (Safe)
N-0511,20,Honest,0.4754,0.0238,Honest,True Negative (Safe)
N-0512,20,Honest,0.0093,0.0447,Honest,True Negative (Safe)
N-0513,20,Honest,0.5118,0.2675,Honest,True Negative (Safe)
N-0514,20,Malicious,0.7256,0.7713,Malicious,True Positive (Hit)
N-0515,20,Honest,0.4226,0.1292,Honest,True Negative (Safe)
N-0516,20,Honest,0.6712,0.0662,Honest,True Negative (Safe)
N-0517,20,Malicious,0.2724,0.8748,Malicious,True Positive (Hit)
N-0518,20,Malicious,0.2167,1.0,Malicious,True Positive (Hit)
N-0519,20,Honest,0.47,0.3196,Honest,True Negative (Safe)
N-0520,20,Malicious,0.3479,0.6806,Malicious,True Positive (Hit)
N-0521,20,Honest,0.3433,0.1416,Honest,True Negative (Safe)
N-0522,20,Honest,0.6082,0.1601,Honest,True Negative (Safe)
N-0523,20,Honest,0.7044,0.7826,Malicious,False Positive (False Alarm)
N-0524,20,Honest,0.3761,0.2805,Honest,True Negative (Safe)
N-0525,20,Honest,0.5449,0.6123,Malicious,False Positive (False Alarm)
N-0526,20,Honest,0.4293,0.0842,Honest,True Negative (Safe)
N-0527,20,Honest,0.1334,0.2384,Honest,True Negative (Safe)
N-0528,20,Malicious,0.4379,1.0,Malicious,True Positive (Hit)
N-0529,20,Honest,0.8925,0.0431,Honest,True Negative (Safe)
N-0530,20,Malicious,0.3723,0.7662,Malicious,True Positive (Hit)
N-0531,20,Honest,0.7993,0.2614,Honest,True Negative (Safe)
N-0532,20,Malicious,0.3882,0.737,Malicious,True Positive (Hit)
N-0533,20,Honest,0.2929,0.3705,Honest,True Negative (Safe)
N-0534,20,Honest,0.2727,0.1479,Honest,True Negative (Safe)
N-0535,20,Honest,0.7405,0.0963,Honest,True Negative (Safe)
N-0536,20,Honest,0.0885,0.269,Honest,True Negative (Safe)
N-0537,20,Malicious,0.4599,0.8625,Malicious,True Positive (Hit)
N-0538,20,Malicious,0.6294,0.743,Malicious,True Positive (Hit)
N-0539,20,Honest,0.4347,0.1028,Honest,True Negative (Safe)
N-0540,20,Honest,0.4708,0.4263,Honest,True Negative (Safe)
N-0541,20,Malicious,0.3066,0.7488,Malicious,True Positive (Hit)
N-0542,20,Honest,0.7096,0.3511,Honest,True Negative (Safe)
N-0543,20,Malicious,0.8774,0.625,Malicious,True Positive (Hit)
N-0544,20,Honest,0.0,0.2901,Honest,True Negative (Safe)
N-0545,20,Malicious,0.6406,1.0,Malicious,True Positive (Hit)
N-0546,20,Honest,0.747,0.3573,Honest,True Negative (Safe)
N-0547,20,Honest,0.6413,0.2116,Honest,True Negative (Safe)
N-0548,20,Honest,0.1452,0.2735,Honest,True Negative (Safe)
N-0549,20,Honest,0.6956,0.3813,Honest,True Negative (Safe)
N-0550,20,Malicious,0.7585,0.6559,Malicious,True Positive (Hit)
N-0551,20,Malicious,0.4836,0.8564,Malicious,True Positive (Hit)
N-0552,20,Honest,0.3134,0.1469,Honest,True Negative (Safe)
N-0553,20,Honest,0.5245,0.4022,Honest,True Negative (Safe)
N-0554,20,Malicious,0.5001,0.4941,Honest,False Negative (Missed)
N-0555,20,Honest,0.266,0.2907,Honest,True Negative (Safe)
N-0556,20,Honest,0.4979,0.2982,Honest,True Negative (Safe)
N-0557,20,Honest,0.5803,0.2512,Honest,True Negative (Safe)
N-0558,20,Honest,0.5163,0.241,Honest,True Negative (Safe)
N-0559,20,Malicious,0.8372,1.0,Malicious,True Positive (Hit)
N-0560,20,Honest,0.1527,0.1989,Honest,True Negative (Safe)
N-0561,20,Malicious,0.5582,0.6913,Malicious,True Positive (Hit)
N-0562,20,Honest,0.8982,0.2948,Honest,True Negative (Safe)
N-0563,20,Honest,0.2487,0.3693,Honest,True Negative (Safe)
N-0564,20,Honest,0.5177,0.3108,Honest,True Negative (Safe)
N-0565,20,Honest,0.902,0.3202,Honest,True Negative (Safe)
N-0566,20,Honest,0.3741,0.0,Honest,True Negative (Safe)
N-0567,20,Honest,0.4087,0.5112,Malicious,False Positive (False Alarm)
N-0568,20,Honest,0.4272,0.0,Honest,True Negative (Safe)
N-0569,20,Honest,0.3254,0.4485,Honest,True Negative (Safe)
N-0570,20,Honest,0.5865,0.082,Honest,True Negative (Safe)
N-0571,20,Malicious,0.4087,0.6596,Malicious,True Positive (Hit)
N-0572,20,Malicious,0.3843,0.3035,Honest,False Negative (Missed)
N-0573,20,Honest,0.6409,0.5014,Malicious,False Positive (False Alarm)
N-0574,20,Malicious,0.1704,1.0,Malicious,True Positive (Hit)
N-0575,20,Honest,0.4242,0.495,Honest,True Negative (Safe)
N-0576,20,Honest,0.4595,0.2771,Honest,True Negative (Safe)
N-0577,20,Malicious,0.6431,0.5762,Malicious,True Positive (Hit)
N-0578,20,Honest,0.7487,0.0257,Honest,True Negative (Safe)
N-0579,20,Honest,0.3495,0.3549,Honest,True Negative (Safe)
N-0580,20,Honest,0.3227,0.4055,Honest,True Negative (Safe)
N-0581,20,Honest,0.794,0.4525,Honest,True Negative (Safe)
N-0582,20,Malicious,0.066,0.7777,Malicious,True Positive (Hit)
N-0583,20,Honest,0.7072,0.0,Honest,True Negative (Safe)
N-0584,20,Honest,0.6309,0.3835,Honest,True Negative (Safe)
N-0585,20,Honest,0.147,0.4168,Honest,True Negative (Safe)
N-0586,20,Honest,0.5182,0.3801,Honest,True Negative (Safe)
N-0587,20,Honest,0.2084,0.28,Honest,True Negative (Safe)
N-0588,20,Honest,0.0238,0.0,Honest,True Negative (Safe)
N-0589,20,Malicious,0.5852,0.9921,Malicious,True Positive (Hit)
N-0590,20,Malicious,0.6132,0.736,Malicious,True Positive (Hit)
N-0591,20,Malicious,0.5031,0.5426,Malicious,True Positive (Hit)
N-0592,20,Honest,0.3945,0.3343,Honest,True Negative (Safe)
N-0593,20,Honest,0.3412,0.4001,Honest,True Negative (Safe)
N-0594,20,Honest,0.499,0.3134,Honest,True Negative (Safe)
N-0595,20,Honest,0.6722,0.1446,Honest,True Negative (Safe)
N-0596,20,Malicious,0.7148,0.665,Malicious,True Positive (Hit)
N-0597,20,Honest,0.5349,0.1208,Honest,True Negative (Safe)
N-0598,20,Honest,0.2223,0.2684,Honest,True Negative (Safe)
N-0599,20,Honest,0.0,0.1907,Honest,True Negative (Safe)
N-0600,20,Honest,0.0484,0.4058,Honest,True Negative (Safe)
N-0601,20,Malicious,0.8125,0.5599,Malicious,True Positive (Hit)
N-0602,20,Malicious,0.6571,0.9478,Malicious,True Positive (Hit)
N-0603,20,Honest,0.6756,0.2929,Honest,True Negative (Safe)
N-0604,20,Honest,0.6336,0.1201,Honest,True Negative (Safe)
N-0605,20,Honest,0.4708,0.1566,Honest,True Negative (Safe)
N-0606,20,Honest,0.2666,0.2572,Honest,True Negative (Safe)
N-0607,20,Malicious,0.6369,1.0,Malicious,True Positive (Hit)
N-0608,20,Malicious,0.6163,0.8912,Malicious,True Positive (Hit)
N-0609,20,Honest,0.6133,0.7875,Malicious,False Positive (False Alarm)
N-0610,20,Honest,0.0,0.1124,Honest,True Negative (Safe)
N-0611,20,Malicious,0.9185,0.6726,Malicious,True Positive (Hit)
N-0612,20,Honest,0.6715,0.296,Honest,True Negative (Safe)
N-0613,20,Honest,0.9763,0.0274,Honest,True Negative (Safe)
N-0614,20,Honest,0.7555,0.5999,Malicious,False Positive (False Alarm)
N-0615,20,Honest,0.1964,0.4066,Honest,True Negative (Safe)
N-0616,20,Honest,0.2086,0.256,Honest,True Negative (Safe)
N-0617,20,Honest,0.3859,0.0,Honest,True Negative (Safe)
N-0618,20,Honest,0.5561,0.2787,Honest,True Negative (Safe)
N-0619,20,Honest,0.8198,0.3722,Honest,True Negative (Safe)
N-0620,20,Malicious,1.0,0.7735,Malicious,True Positive (Hit)
N-0621,20,Honest,0.4236,0.2131,Honest,True Negative (Safe)
N-0622,20,Malicious,0.4401,0.2643,Honest,False Negative (Missed)
N-0623,20,Honest,0.395,0.0,Honest,True Negative (Safe)
N-0624,20,Malicious,0.663,0.4772,Honest,False Negative (Missed)
N-0625,20,Malicious,0.3264,0.6027,Malicious,True Positive (Hit)
N-0626,20,Honest,0.3988,0.2514,Honest,True Negative (Safe)
N-0627,20,Malicious,0.8211,0.6229,Malicious,True Positive (Hit)
N-0628,20,Honest,0.57,0.7962,Malicious,False Positive (False Alarm)
N-0629,20,Honest,0.5443,0.2139,Honest,True Negative (Safe)
N-0630,20,Honest,0.2552,0.2111,Honest,True Negative (Safe)
N-0631,20,Honest,0.2284,0.3037,Honest,True Negative (Safe)
N-0632,20,Honest,0.4759,0.0,Honest,True Negative (Safe)
N-0633,20,Honest,0.4454,0.4652,Honest,True Negative (Safe)
N-0634,20,Honest,0.3502,0.1194,Honest,True Negative (Safe)
N-0635,20,Honest,0.1056,0.0,Honest,True Negative (Safe)
N-0636,20,Malicious,0.7578,0.7101,Malicious,True Positive (Hit)
N-0637,20,Malicious,0.743,1.0,Malicious,True Positive (Hit)
N-0638,20,Honest,0.6803,0.1415,Honest,True Negative (Safe)
N-0639,20,Honest,0.4862,0.127,Honest,True Negative (Safe)
N-0640,20,Honest,0.2729,0.3186,Honest,True Negative (Safe)
N-0641,20,Honest,0.2419,0.0,Honest,True Negative (Safe)
N-0642,20,Malicious,0.328,0.6825,Malicious,True Positive (Hit)
N-0643,20,Malicious,0.9303,0.642,Malicious,True Positive (Hit)
N-0644,20,Honest,0.578,0.2163,Honest,True Negative (Safe)
N-0645,20,Honest,0.7566,0.4814,Honest,True Negative (Safe)
N-0646,20,Honest,0.744,0.0,Honest,True Negative (Safe)
N-0647,20,Honest,0.5017,0.4018,Honest,True Negative (Safe)
N-0648,20,Honest,0.5454,0.3773,Honest,True Negative (Safe)
N-0649,20,Honest,0.4646,0.101,Honest,True Negative (Safe)
N-0650,20,Honest,0.0257,0.1209,Honest,True Negative (Safe)
N-0651,20,Malicious,1.0,0.6432,Malicious,True Positive (Hit)
N-0652,20,Honest,0.0,0.3965,Honest,True Negative (Safe)
N-0653,20,Honest,0.6639,0.5075,Malicious,False Positive (False Alarm)
N-0654,20,Honest,0.5677,0.4191,Honest,True Negative (Safe)
N-0655,20,Honest,0.9101,0.1009,Honest,True Negative (Safe)
N-0656,20,Honest,0.214,0.0311,Honest,True Negative (Safe)
N-0657,20,Honest,0.3836,0.5367,Malicious,False Positive (False Alarm)
N-0658,20,Honest,0.582,0.3477,Honest,True Negative (Safe)
N-0659,20,Malicious,0.0952,0.5975,Malicious,True Positive (Hit)
N-0660,20,Honest,0.0,0.4842,Honest,True Negative (Safe)
N-0661,20,Malicious,0.9464,0.9215,Malicious,True Positive (Hit)
N-0662,20,Honest,0.2033,0.5464,Malicious,False Positive (False Alarm)
N-0663,20,Honest,0.3867,0.0071,Honest,True Negative (Safe)
N-0664,20,Honest,0.2089,0.164,Honest,True Negative (Safe)
N-0665,20,Malicious,0.5624,0.7145,Malicious,True Positive (Hit)
N-0666,20,Malicious,0.1968,1.0,Malicious,True Positive (Hit)
N-0667,20,Honest,0.4123,0.1072,Honest,True Negative (Safe)
N-0668,20,Malicious,0.8276,0.4897,Honest,False Negative (Missed)
N-0669,20,Honest,0.0428,0.5045,Malicious,False Positive (False Alarm)
N-0670,20,Honest,0.9228,0.1576,Honest,True Negative (Safe)
N-0671,20,Honest,0.4385,0.0207,Honest,True Negative (Safe)
N-0672,20,Honest,0.4514,0.1549,Honest,True Negative (Safe)
N-0673,20,Honest,0.4245,0.3319,Honest,True Negative (Safe)
N-0674,20,Honest,0.1755,0.1776,Honest,True Negative (Safe)
N-0675,20,Malicious,0.0991,0.6719,Malicious,True Positive (Hit)
N-0676,20,Malicious,0.5266,0.8004,Malicious,True Positive (Hit)
N-0677,20,Malicious,0.6099,0.9489,Malicious,True Positive (Hit)
N-0678,20,Honest,0.0651,0.0,Honest,True Negative (Safe)
N-0679,20,Honest,0.5822,0.0,Honest,True Negative (Safe)
N-0680,20,Malicious,0.5958,0.4903,Honest,False Negative (Missed)
N-0681,20,Honest,0.8432,0.3001,Honest,True Negative (Safe)
N-0682,20,Honest,0.3952,0.4955,Honest,True Negative (Safe)
N-0683,20,Honest,0.1841,0.0753,Honest,True Negative (Safe)
N-0684,20,Malicious,0.2346,0.5597,Malicious,True Positive (Hit)
N-0685,20,Honest,0.4653,0.3488,Honest,True Negative (Safe)
N-0686,20,Malicious,0.7904,0.3486,Honest,False Negative (Missed)
N-0687,20,Honest,0.407,0.0284,Honest,True Negative (Safe)
N-0688,20,Honest,0.3987,0.7168,Malicious,False Positive (False Alarm)
N-0689,20,Honest,0.523,0.4299,Honest,True Negative (Safe)
N-0690,20,Honest,0.9402,0.4755,Honest,True Negative (Safe)
N-0691,20,Honest,0.338,0.0,Honest,True Negative (Safe)
N-0692,20,Honest,0.4425,0.1365,Honest,True Negative (Safe)
N-0693,20,Honest,0.0689,0.2982,Honest,True Negative (Safe)
N-0694,20,Honest,0.5165,0.6038,Malicious,False Positive (False Alarm)
N-0695,20,Honest,0.3596,0.306,Honest,True Negative (Safe)
N-0696,20,Honest,0.2836,0.4246,Honest,True Negative (Safe)
N-0697,20,Honest,0.4188,0.0155,Honest,True Negative (Safe)
N-0698,20,Honest,0.4466,0.3281,Honest,True Negative (Safe)
N-0699,20,Honest,0.5138,0.4592,Honest,True Negative (Safe)
N-0700,20,Malicious,0.188,0.5646,Malicious,True Positive (Hit)
N-0701,20,Honest,0.6099,0.1049,Honest,True Negative (Safe)
N-0702,20,Honest,0.5101,0.0,Honest,True Negative (Safe)
N-0703,20,Honest,1.0,0.1961,Honest,True Negative (Safe)
N-0704,20,Honest,0.7485,0.1826,Honest,True Negative (Safe)
N-0705,20,Honest,0.5537,0.5484,Malicious,False Positive (False Alarm)
N-0706,20,Honest,0.7415,0.2091,Honest,True Negative (Safe)
N-0707,20,Malicious,0.5162,0.9708,Malicious,True Positive (Hit)
N-0708,20,Malicious,1.0,0.7923,Malicious,True Positive (Hit)
N-0709,20,Honest,0.9393,0.2017,Honest,True Negative (Safe)
N-0710,20,Honest,0.688,0.4702,Honest,True Negative (Safe)
N-0711,20,Honest,0.3475,0.1006,Honest,True Negative (Safe)
N-0712,20,Honest,0.7363,0.1437,Honest,True Negative (Safe)
N-0713,20,Honest,0.2264,0.1132,Honest,True Negative (Safe)
N-0714,20,Honest,0.3161,0.4213,Honest,True Negative (Safe)
N-0715,20,Honest,0.5788,0.3931,Honest,True Negative (Safe)
N-0716,20,Malicious,0.6553,0.6194,Malicious,True Positive (Hit)
N-0717,20,Malicious,0.7243,1.0,Malicious,True Positive (Hit)
N-0718,20,Honest,0.5961,0.3399,Honest,True Negative (Safe)
N-0719,20,Honest,0.2582,0.2924,Honest,True Negative (Safe)
N-0720,20,Malicious,0.3449,0.7447,Malicious,True Positive (Hit)
N-0721,20,Honest,0.0399,0.0,Honest,True Negative (Safe)
N-0722,20,Malicious,0.5022,0.6293,Malicious,True Positive (Hit)
N-0723,20,Honest,0.4767,0.223,Honest,True Negative (Safe)
N-0724,20,Honest,0.4575,0.3717,Honest,True Negative (Safe)
N-0725,20,Honest,0.3342,0.2061,Honest,True Negative (Safe)
N-0726,20,Honest,0.8138,0.2506,Honest,True Negative (Safe)
N-0727,20,Malicious,0.5052,0.7682,Malicious,True Positive (Hit)
N-0728,20,Malicious,0.5097,0.5939,Malicious,True Positive (Hit)
N-0729,20,Malicious,0.3005,0.582,Malicious,True Positive (Hit)
N-0730,20,Honest,0.6682,0.124,Honest,True Negative (Safe)
N-0731,20,Malicious,0.5113,0.9042,Malicious,True Positive (Hit)
N-0732,20,Honest,0.3804,0.3767,Honest,True Negative (Safe)
N-0733,20,Honest,0.0648,0.2235,Honest,True Negative (Safe)
N-0734,20,Honest,0.4697,0.2546,Honest,True Negative (Safe)
N-0735,20,Honest,0.0368,0.4906,Honest,True Negative (Safe)
N-0736,20,Honest,0.2363,0.317,Honest,True Negative (Safe)
N-0737,20,Honest,0.452,0.4507,Honest,True Negative (Safe)
N-0738,20,Malicious,1.0,0.4661,Honest,False Negative (Missed)
N-0739,20,Honest,0.2878,0.2878,Honest,True Negative (Safe)
N-0740,20,Honest,0.1737,0.4064,Honest,True Negative (Safe)
N-0741,20,Honest,0.6608,0.3619,Honest,True Negative (Safe)
N-0742,20,Honest,0.5091,0.5239,Malicious,False Positive (False Alarm)
N-0743,20,Honest,0.1611,0.2631,Honest,True Negative (Safe)
N-0744,20,Honest,0.2653,0.428,Honest,True Negative (Safe)
N-0745,20,Malicious,0.0917,0.7438,Malicious,True Positive (Hit)
N-0746,20,Honest,0.5338,0.0605,Honest,True Negative (Safe)
N-0747,20,Honest,0.2935,0.2531,Honest,True Negative (Safe)
N-0748,20,Honest,0.6888,0.0434,Honest,True Negative (Safe)
N-0749,20,Honest,0.2354,0.4751,Honest,True Negative (Safe)
N-0750,20,Honest,0.3818,0.0945,Honest,True Negative (Safe)
N-0751,20,Honest,0.6322,0.1524,Honest,True Negative (Safe)
N-0752,20,Honest,0.7069,0.1173,Honest,True Negative (Safe)
N-0753,20,Honest,0.4101,0.439,Honest,True Negative (Safe)
N-0754,20,Honest,0.3934,0.4012,Honest,True Negative (Safe)
N-0755,20,Honest,0.4336,0.6463,Malicious,False Positive (False Alarm)
N-0756,20,Honest,0.8422,0.0,Honest,True Negative (Safe)
N-0757,20,Honest,0.5806,0.0867,Honest,True Negative (Safe)
N-0758,20,Honest,0.4979,0.2637,Honest,True Negative (Safe)
N-0759,20,Honest,0.1862,0.4617,Honest,True Negative (Safe)
N-0760,20,Honest,0.5008,0.1931,Honest,True Negative (Safe)
N-0761,20,Malicious,0.4405,0.7808,Malicious,True Positive (Hit)
N-0762,20,Honest,0.552,0.225,Honest,True Negative (Safe)
N-0763,20,Malicious,0.0,0.7537,Malicious,True Positive (Hit)
N-0764,20,Honest,0.0896,0.2081,Honest,True Negative (Safe)
N-0765,20,Honest,0.0989,0.0,Honest,True Negative (Safe)
N-0766,20,Honest,0.7588,0.186,Honest,True Negative (Safe)
N-0767,20,Honest,0.3508,0.3465,Honest,True Negative (Safe)
N-0768,20,Honest,0.3574,0.6708,Malicious,False Positive (False Alarm)
N-0769,20,Honest,0.3817,0.323,Honest,True Negative (Safe)
N-0770,20,Malicious,0.7927,1.0,Malicious,True Positive (Hit)
N-0771,20,Honest,0.2645,0.1664,Honest,True Negative (Safe)
N-0772,20,Honest,0.7686,0.412,Honest,True Negative (Safe)
N-0773,20,Honest,0.7188,0.0,Honest,True Negative (Safe)
N-0774,20,Honest,0.837,0.0977,Honest,True Negative (Safe)
N-0775,20,Honest,0.4981,0.2204,Honest,True Negative (Safe)
N-0776,20,Honest,0.2304,0.0,Honest,True Negative (Safe)
N-0777,20,Honest,0.014,0.2738,Honest,True Negative (Safe)
N-0778,20,Honest,0.0687,0.0232,Honest,True Negative (Safe)
N-0779,20,Honest,0.3955,0.0,Honest,True Negative (Safe)
N-0780,20,Honest,0.6447,0.0,Honest,True Negative (Safe)
N-0781,20,Honest,0.4307,0.253,Honest,True Negative (Safe)
N-0782,20,Honest,0.5845,0.2417,Honest,True Negative (Safe)
N-0783,20,Honest,0.9545,0.2933,Honest,True Negative (Safe)
N-0784,20,Honest,0.7134,0.1053,Honest,True Negative (Safe)
N-0785,20,Honest,0.4802,0.5595,Malicious,False Positive (False Alarm)
N-0786,20,Malicious,0.4906,0.7923,Malicious,True Positive (Hit)
N-0787,20,Honest,0.6952,0.1016,Honest,True Negative (Safe)
N-0788,20,Honest,0.0,0.3011,Honest,True Negative (Safe)
N-0789,20,Honest,0.6972,0.0,Honest,True Negative (Safe)
N-0790,20,Honest,0.6176,0.3854,Honest,True Negative (Safe)
N-0791,20,Honest,0.0,0.0627,Honest,True Negative (Safe)
N-0792,20,Honest,0.351,0.2141,Honest,True Negative (Safe)
N-0793,20,Honest,0.2642,0.0906,Honest,True Negative (Safe)
N-0794,20,Honest,0.8679,0.2285,Honest,True Negative (Safe)
N-0795,20,Honest,0.2762,0.2418,Honest,True Negative (Safe)
N-0796,20,Honest,0.5843,0.2603,Honest,True Negative (Safe)
N-0797,20,Honest,0.3986,0.12,Honest,True Negative (Safe)
N-0798,20,Honest,0.2845,0.1304,Honest,True Negative (Safe)
N-0799,20,Honest,0.5347,0.0512,Honest,True Negative (Safe)
N-0800,20,Honest,0.5483,0.5326,Malicious,False Positive (False Alarm)
N-0801,20,Honest,0.5314,0.1761,Honest,True Negative (Safe)
N-0802,20,Honest,0.1255,0.5656,Malicious,False Positive (False Alarm)
N-0803,20,Honest,0.1575,0.4197,Honest,True Negative (Safe)
N-0804,20,Honest,0.6096,0.2026,Honest,True Negative (Safe)
N-0805,20,Malicious,0.4843,0.3461,Honest,False Negative (Missed)
N-0806,20,Malicious,0.6325,0.8864,Malicious,True Positive (Hit)
N-0807,20,Honest,0.1777,0.2188,Honest,True Negative (Safe)
N-0808,20,Malicious,0.5595,0.8786,Malicious,True Positive (Hit)
N-0809,20,Honest,0.451,0.0,Honest,True Negative (Safe)
N-0810,20,Malicious,0.4175,0.7994,Malicious,True Positive (Hit)
N-0811,20,Honest,0.6604,0.1265,Honest,True Negative (Safe)
N-0812,20,Malicious,1.0,0.3332,Honest,False Negative (Missed)
N-0813,20,Honest,0.3091,0.2334,Honest,True Negative (Safe)
N-0814,20,Honest,0.3998,0.0036,Honest,True Negative (Safe)
N-0815,20,Honest,0.562,0.3242,Honest,True Negative (Safe)
N-0816,20,Honest,0.462,0.3164,Honest,True Negative (Safe)
N-0817,20,Honest,0.3441,0.0,Honest,True Negative (Safe)
N-0818,20,Honest,0.2708,0.2814,Honest,True Negative (Safe)
N-0819,20,Malicious,0.5907,0.7591,Malicious,True Positive (Hit)
N-0820,20,Honest,0.5872,0.1338,Honest,True Negative (Safe)
N-0821,20,Malicious,0.5567,0.8759,Malicious,True Positive (Hit)
N-0822,20,Honest,0.4288,0.0013,Honest,True Negative (Safe)
N-0823,20,Honest,0.2096,0.4162,Honest,True Negative (Safe)
N-0824,20,Honest,0.7981,0.4851,Honest,True Negative (Safe)
N-0825,20,Honest,0.508,0.0094,Honest,True Negative (Safe)
N-0826,20,Honest,0.4484,0.5625,Malicious,False Positive (False Alarm)
N-0827,20,Honest,0.6046,0.2085,Honest,True Negative (Safe)
N-0828,20,Malicious,0.7072,0.4707,Honest,False Negative (Missed)
N-0829,20,Honest,0.2761,0.0332,Honest,True Negative (Safe)
N-0830,20,Honest,0.5674,0.3928,Honest,True Negative (Safe)
N-0831,20,Honest,0.4115,0.0754,Honest,True Negative (Safe)
N-0832,20,Honest,0.4451,0.1527,Honest,True Negative (Safe)
N-0833,20,Honest,0.251,0.3178,Honest,True Negative (Safe)
N-0834,20,Malicious,0.3605,0.4054,Honest,False Negative (Missed)
N-0835,20,Malicious,0.214,0.3973,Honest,False Negative (Missed)
N-0836,20,Honest,0.5119,0.2801,Honest,True Negative (Safe)
N-0837,20,Honest,0.4751,0.3675,Honest,True Negative (Safe)
N-0838,20,Honest,0.748,0.1315,Honest,True Negative (Safe)
N-0839,20,Honest,0.5516,0.0,Honest,True Negative (Safe)
N-0840,20,Honest,0.7947,0.001,Honest,True Negative (Safe)
N-0841,20,Honest,0.2725,0.1305,Honest,True Negative (Safe)
N-0842,20,Honest,0.0684,0.2565,Honest,True Negative (Safe)
N-0843,20,Honest,0.5035,0.2121,Honest,True Negative (Safe)
N-0844,20,Malicious,0.1649,1.0,Malicious,True Positive (Hit)
N-0845,20,Honest,0.5873,0.7768,Malicious,False Positive (False Alarm)
N-0846,20,Honest,0.2487,0.4416,Honest,True Negative (Safe)
N-0847,20,Honest,0.6448,0.1919,Honest,True Negative (Safe)
N-0848,20,Honest,0.8028,0.1689,Honest,True Negative (Safe)
N-0849,20,Honest,0.3598,0.0,Honest,True Negative (Safe)
N-0850,20,Malicious,0.6523,0.4584,Honest,False Negative (Missed)
N-0851,20,Malicious,0.4123,0.5242,Malicious,True Positive (Hit)
N-0852,20,Honest,0.3584,0.3388,Honest,True Negative (Safe)
N-0853,20,Honest,0.4528,0.3919,Honest,True Negative (Safe)
N-0854,20,Malicious,0.8664,0.6689,Malicious,True Positive (Hit)
N-0855,20,Malicious,0.4304,0.9607,Malicious,True Positive (Hit)
N-0856,20,Malicious,0.8093,0.9129,Malicious,True Positive (Hit)
N-0857,20,Honest,0.212,0.3345,Honest,True Negative (Safe)
N-0858,20,Malicious,0.5774,0.9816,Malicious,True Positive (Hit)
N-0859,20,Honest,0.3068,0.0,Honest,True Negative (Safe)
N-0860,20,Honest,0.6226,0.0,Honest,True Negative (Safe)
N-0861,20,Honest,0.2671,0.0454,Honest,True Negative (Safe)
N-0862,20,Honest,0.1925,0.1002,Honest,True Negative (Safe)
N-0863,20,Honest,0.7543,0.4141,Honest,True Negative (Safe)
N-0864,20,Honest,0.3871,0.4767,Honest,True Negative (Safe)
N-0865,20,Honest,0.1844,0.0103,Honest,True Negative (Safe)
N-0866,20,Honest,0.6659,0.3659,Honest,True Negative (Safe)
N-0867,20,Honest,0.3349,0.0229,Honest,True Negative (Safe)
N-0868,20,Malicious,0.9149,0.3716,Honest,False Negative (Missed)
N-0869,20,Malicious,0.4004,0.8003,Malicious,True Positive (Hit)
N-0870,20,Honest,0.9005,0.3266,Honest,True Negative (Safe)
N-0871,20,Honest,0.5701,0.1361,Honest,True Negative (Safe)
N-0872,20,Malicious,0.6921,0.7732,Malicious,True Positive (Hit)
N-0873,20,Honest,0.0529,0.4086,Honest,True Negative (Safe)
N-0874,20,Honest,0.6926,0.4107,Honest,True Negative (Safe)
N-0875,20,Honest,0.4583,0.0588,Honest,True Negative (Safe)
N-0876,20,Honest,0.0,0.2814,Honest,True Negative (Safe)
N-0877,20,Malicious,0.8205,0.969,Malicious,True Positive (Hit)
N-0878,20,Honest,0.654,0.2352,Honest,True Negative (Safe)
N-0879,20,Malicious,0.8219,0.9533,Malicious,True Positive (Hit)
N-0880,20,Malicious,0.4443,0.8989,Malicious,True Positive (Hit)
N-0881,20,Malicious,0.416,0.8688,Malicious,True Positive (Hit)
N-0882,20,Honest,0.1252,0.0056,Honest,True Negative (Safe)
N-0883,20,Honest,0.7146,0.4375,Honest,True Negative (Safe)
N-0884,20,Malicious,0.7084,0.7694,Malicious,True Positive (Hit)
N-0885,20,Honest,0.0,0.235,Honest,True Negative (Safe)
N-0886,20,Malicious,0.6635,0.6324,Malicious,True Positive (Hit)
N-0887,20,Honest,0.2719,0.5389,Malicious,False Positive (False Alarm)
N-0888,20,Malicious,0.5349,0.8501,Malicious,True Positive (Hit)
N-0889,20,Honest,0.6435,0.0497,Honest,True Negative (Safe)
N-0890,20,Honest,0.4983,0.5139,Malicious,False Positive (False Alarm)
N-0891,20,Honest,0.9048,0.258,Honest,True Negative (Safe)
N-0892,20,Honest,0.3905,0.3038,Honest,True Negative (Safe)
N-0893,20,Honest,0.5109,0.5274,Malicious,False Positive (False Alarm)
N-0894,20,Honest,0.2009,0.194,Honest,True Negative (Safe)
N-0895,20,Honest,0.1707,0.0476,Honest,True Negative (Safe)
N-0896,20,Honest,0.5441,0.412,Honest,True Negative (Safe)
N-0897,20,Honest,0.2877,0.4044,Honest,True Negative (Safe)
N-0898,20,Honest,0.7279,0.6369,Malicious,False Positive (False Alarm)
N-0899,20,Honest,0.4674,0.122,Honest,True Negative (Safe)
N-0900,20,Honest,0.1994,0.0296,Honest,True Negative (Safe)
N-0901,20,Honest,0.7624,0.0,Honest,True Negative (Safe)
N-0902,20,Honest,0.7544,0.0763,Honest,True Negative (Safe)
N-0903,20,Honest,0.2787,0.2197,Honest,True Negative (Safe)
N-0904,20,Malicious,0.3741,0.955,Malicious,True Positive (Hit)
N-0905,20,Malicious,1.0,0.6054,Malicious,True Positive (Hit)
N-0906,20,Honest,0.3419,0.2173,Honest,True Negative (Safe)
N-0907,20,Honest,0.5853,0.2193,Honest,True Negative (Safe)
N-0908,20,Honest,0.7968,0.4793,Honest,True Negative (Safe)
N-0909,20,Honest,0.1536,0.3542,Honest,True Negative (Safe)
N-0910,20,Honest,0.8301,0.151,Honest,True Negative (Safe)
N-0911,20,Honest,0.3764,0.1444,Honest,True Negative (Safe)
N-0912,20,Honest,0.3232,0.0,Honest,True Negative (Safe)
N-0913,20,Malicious,0.2179,0.767,Malicious,True Positive (Hit)
N-0914,20,Honest,0.8284,0.1273,Honest,True Negative (Safe)
N-0915,20,Honest,0.2893,0.5903,Malicious,False Positive (False Alarm)
N-0916,20,Malicious,0.2729,0.3845,Honest,False Negative (Missed)
N-0917,20,Honest,0.2429,0.1174,Honest,True Negative (Safe)
N-0918,20,Honest,0.0131,0.2244,Honest,True Negative (Safe)
N-0919,20,Honest,0.6871,0.0,Honest,True Negative (Safe)
N-0920,20,Malicious,0.5719,0.8371,Malicious,True Positive (Hit)
N-0921,20,Malicious,0.5292,0.7909,Malicious,True Positive (Hit)
N-0922,20,Malicious,0.5993,0.5712,Malicious,True Positive (Hit)
N-0923,20,Honest,0.8246,0.4996,Honest,True Negative (Safe)
N-0924,20,Honest,0.7475,0.4527,Honest,True Negative (Safe)
N-0925,20,Honest,0.0563,0.4352,Honest,True Negative (Safe)
N-0926,20,Honest,0.6139,0.0,Honest,True Negative (Safe)
N-0927,20,Honest,0.3963,0.3054,Honest,True Negative (Safe)
N-0928,20,Malicious,0.9661,0.9094,Malicious,True Positive (Hit)
N-0929,20,Honest,0.2339,0.5891,Malicious,False Positive (False Alarm)
N-0930,20,Honest,0.4609,0.1988,Honest,True Negative (Safe)
N-0931,20,Honest,0.3682,0.0,Honest,True Negative (Safe)
N-0932,20,Honest,0.4226,0.3495,Honest,True Negative (Safe)
N-0933,20,Honest,0.3537,0.3341,Honest,True Negative (Safe)
N-0934,20,Malicious,0.3339,0.719,Malicious,True Positive (Hit)
N-0935,20,Malicious,0.6291,0.7917,Malicious,True Positive (Hit)
N-0936,20,Honest,0.0486,0.1622,Honest,True Negative (Safe)
N-0937,20,Honest,0.8694,0.1515,Honest,True Negative (Safe)
N-0938,20,Honest,0.454,0.2326,Honest,True Negative (Safe)
N-0939,20,Honest,0.8421,0.5081,Malicious,False Positive (False Alarm)
N-0940,20,Malicious,0.7519,0.5359,Malicious,True Positive (Hit)
N-0941,20,Honest,0.5398,0.3636,Honest,True Negative (Safe)
N-0942,20,Honest,0.2753,0.0759,Honest,True Negative (Safe)
N-0943,20,Honest,0.8763,0.1898,Honest,True Negative (Safe)
N-0944,20,Honest,0.8537,0.4494,Honest,True Negative (Safe)
N-0945,20,Honest,0.552,0.3405,Honest,True Negative (Safe)
N-0946,20,Honest,0.0999,0.2914,Honest,True Negative (Safe)
N-0947,20,Honest,0.8043,0.3863,Honest,True Negative (Safe)
N-0948,20,Honest,0.4886,0.5924,Malicious,False Positive (False Alarm)
N-0949,20,Malicious,0.5037,0.6137,Malicious,True Positive (Hit)
N-0950,20,Honest,0.4885,0.4033,Honest,True Negative (Safe)
N-0951,20,Honest,0.0206,0.307,Honest,True Negative (Safe)
N-0952,20,Honest,0.6526,0.1961,Honest,True Negative (Safe)
N-0953,20,Honest,0.7267,0.3782,Honest,True Negative (Safe)
N-0954,20,Malicious,1.0,0.5849,Malicious,True Positive (Hit)
N-0955,20,Honest,0.6577,0.0465,Honest,True Negative (Safe)
N-0956,20,Honest,0.0462,0.0,Honest,True Negative (Safe)
N-0957,20,Honest,0.5846,0.2868,Honest,True Negative (Safe)
N-0958,20,Honest,0.3302,0.0,Honest,True Negative (Safe)
N-0959,20,Honest,0.2774,0.2508,Honest,True Negative (Safe)
N-0960,20,Malicious,0.7483,0.7464,Malicious,True Positive (Hit)
N-0961,20,Honest,0.513,0.1748,Honest,True Negative (Safe)
N-0962,20,Honest,0.8873,0.0464,Honest,True Negative (Safe)
N-0963,20,Honest,0.2752,0.1515,Honest,True Negative (Safe)
N-0964,20,Honest,0.5857,0.0422,Honest,True Negative (Safe)
N-0965,20,Honest,0.4839,0.283,Honest,True Negative (Safe)
N-0966,20,Malicious,0.3764,0.8226,Malicious,True Positive (Hit)
N-0967,20,Honest,0.198,0.0266,Honest,True Negative (Safe)
N-0968,20,Honest,0.4749,0.0,Honest,True Negative (Safe)
N-0969,20,Malicious,0.0138,0.8672,Malicious,True Positive (Hit)
N-0970,20,Honest,0.7122,0.1566,Honest,True Negative (Safe)
N-0971,20,Honest,0.283,0.4511,Honest,True Negative (Safe)
N-0972,20,Malicious,0.2636,0.4501,Honest,False Negative (Missed)
N-0973,20,Honest,0.6269,0.2518,Honest,True Negative (Safe)
N-0974,20,Honest,0.7162,0.0,Honest,True Negative (Safe)
N-0975,20,Honest,0.0998,0.2529,Honest,True Negative (Safe)
N-0976,20,Honest,0.5544,0.4194,Honest,True Negative (Safe)
N-0977,20,Honest,0.4937,0.2829,Honest,True Negative (Safe)
N-0978,20,Honest,0.3526,0.5682,Malicious,False Positive (False Alarm)
N-0979,20,Honest,0.1742,0.3218,Honest,True Negative (Safe)
N-0980,20,Honest,0.203,0.357,Honest,True Negative (Safe)
N-0981,20,Malicious,0.2907,0.9136,Malicious,True Positive (Hit)
N-0982,20,Honest,0.478,0.5989,Malicious,False Positive (False Alarm)
N-0983,20,Honest,0.3797,0.335,Honest,True Negative (Safe)
N-0984,20,Malicious,0.3551,0.6867,Malicious,True Positive (Hit)
N-0985,20,Honest,0.4764,0.0,Honest,True Negative (Safe)
N-0986,20,Malicious,0.1956,0.882,Malicious,True Positive (Hit)
N-0987,20,Honest,0.4135,0.1314,Honest,True Negative (Safe)
N-0988,20,Honest,0.2658,0.1103,Honest,True Negative (Safe)
N-0989,20,Malicious,0.5781,0.8479,Malicious,True Positive (Hit)
N-0990,20,Honest,0.0,0.5326,Malicious,False Positive (False Alarm)
N-0991,20,Malicious,0.8854,0.2373,Honest,False Negative (Missed)
N-0992,20,Honest,0.7215,0.461,Honest,True Negative (Safe)
N-0993,20,Malicious,0.5501,0.4646,Honest,False Negative (Missed)
N-0994,20,Honest,0.7038,0.2018,Honest,True Negative (Safe)
N-0995,20,Malicious,0.6872,1.0,Malicious,True Positive (Hit)
N-0996,20,Malicious,0.613,0.5483,Malicious,True Positive (Hit)
N-0997,20,Honest,0.3661,0.0921,Honest,True Negative (Safe)
N-0998,20,Honest,0.5584,0.0888,Honest,True Negative (Safe)
N-0999,20,Honest,0.3318,0.0,Honest,True Negative (Safe)
N-1000,20,Malicious,0.517,0.7889,Malicious,True Positive (Hit)
